EntityId,TeamId,Name,ShortName,RowId,TeamAbbreviation,SecondsPlayed,Minutes,PlusMinus,OffPoss,DefPoss,PenaltyOffPoss,PenaltyDefPoss,SecondChanceOffPoss,TotalPoss,Arc3FGM,Arc3FGA,FG3M,FG3A,FtPoints,Points,OpponentPoints,SecondChanceFtPoints,SecondChancePoints,PenaltyFtPoints,PenaltyPoints,PtsAssisted3s,NonHeaveArc3FGA,NonHeaveArc3FGM,OffThreePtRebounds,OffTwoPtRebounds,OffRebounds,Rebounds,ShootingFouls,Fouls,FoulsDrawn,Loose Ball Fouls Drawn,FTA,TwoPtShootingFoulsDrawn,NonShootingFoulsDrawn,Blocked2s,BlockedAtRim,Blocks,RecoveredBlocks,Defensive 3 Seconds Violations,PenaltyPointsExcludingTakeFouls,PenaltyOffPossExcludingTakeFouls,NonShootingPenaltyNonTakeFoulsDrawn,Assisted3sPct,Fg3Pct,NonHeaveFg3Pct,EfgPct,TsPct,SecondChanceTsPct,PenaltyTsPct,FG3APct,Usage,OffTwoPtReboundPct,OffThreePtReboundPct,OffFGReboundPct,OffLongMidRangeReboundPct,OffArc3ReboundPct,BlocksRecoveredPct,Arc3Frequency,Arc3Accuracy,UnblockedArc3Accuracy,Arc3PctAssisted,AtRimFG3AFrequency,NonHeaveArc3Accuracy,ShotQualityAvg,ShootingFoulsDrawnPct,TwoPtShootingFoulsDrawnPct,SecondChancePointsPct,PenaltyPointsPct,Avg3ptShotDistance,PenaltyOffPossPct,AtRimFGM,AtRimFGA,ShortMidRangeFGM,ShortMidRangeFGA,LongMidRangeFGM,LongMidRangeFGA,Corner3FGM,Corner3FGA,PenaltyCorner3FGA,PenaltyArc3FGM,PenaltyArc3FGA,FG2M,FG2A,PenaltyFG3M,PenaltyFG3A,PtsAssisted2s,PtsUnassisted2s,PtsUnassisted3s,Fg3aBlocked,TwoPtAssists,ThreePtAssists,Assists,Arc3Assists,Corner3Assists,AtRimAssists,ShortMidRangeAssists,AssistPoints,DefThreePtRebounds,DefTwoPtRebounds,FTDefRebounds,DefRebounds,Steals,BadPassSteals,LostBallSteals,LiveBallTurnovers,BadPassOutOfBoundsTurnovers,BadPassTurnovers,DeadBallTurnovers,LostBallTurnovers,Turnovers,SecondChanceTurnovers,PenaltyTurnovers,Offensive Fouls Drawn,BlockedShortMidRange,Assisted2sPct,NonPutbacksAssisted2sPct,PenaltyFg3Pct,Fg2Pct,PenaltyEfgPct,FG3APctBlocked,Arc3PctBlocked,LiveBallTurnoverPct,DefFTReboundPct,DefTwoPtReboundPct,DefThreePtReboundPct,DefFGReboundPct,OffAtRimReboundPct,DefAtRimReboundPct,DefShortMidRangeReboundPct,DefLongMidRangeReboundPct,DefArc3ReboundPct,DefCorner3ReboundPct,AtRimFrequency,AtRimAccuracy,UnblockedAtRimAccuracy,AtRimPctAssisted,ShortMidRangeFrequency,ShortMidRangeAccuracy,UnblockedShortMidRangeAccuracy,LongMidRangeFrequency,LongMidRangeAccuracy,UnblockedLongMidRangeAccuracy,LongMidRangePctAssisted,Corner3Frequency,Corner3Accuracy,UnblockedCorner3Accuracy,Corner3PctAssisted,PenaltyCorner3Frequency,PenaltyArc3Frequency,PenaltyArc3Accuracy,PenaltyShotQualityAvg,Avg2ptShotDistance,SecondChanceAtRimFGM,SecondChanceAtRimFGA,PenaltyAtRimFGM,PenaltyAtRimFGA,SecondChanceCorner3FGM,SecondChanceCorner3FGA,SecondChanceArc3FGA,SecondChanceFG2M,SecondChanceFG2A,SecondChanceFG3M,SecondChanceFG3A,PenaltyFG2M,PenaltyFG2A,PtsPutbacks,Fg2aBlocked,FTOffRebounds,SelfOReb,LostBallOutOfBoundsTurnovers,Travels,2pt And 1 Free Throw Trips,Blocked3s,BlockedArc3,SecondChanceFg3Pct,SecondChanceFg2Pct,PenaltyFg2Pct,SecondChanceEfgPct,FG2APctBlocked,ShortMidRangePctBlocked,OffFTReboundPct,OffShortMidRangeReboundPct,SelfORebPct,SecondChanceAtRimFrequency,SecondChanceAtRimAccuracy,SecondChanceAtRimPctAssisted,SecondChanceCorner3Frequency,SecondChanceCorner3Accuracy,SecondChanceCorner3PctAssisted,SecondChanceArc3Frequency,PenaltyAtRimFrequency,PenaltyAtRimAccuracy,SecondChanceShotQualityAvg,SecondChanceArc3FGM,StepOutOfBoundsTurnovers,AtRimPctBlocked,SecondChanceArc3Accuracy,SecondChanceArc3PctAssisted,LongMidRangeAssists,Loose Ball Fouls,Offensive Fouls,Technical Free Throw Trips,ThreePtShootingFoulsDrawn,BlockedLongMidRange,NonShootingPenaltyNonTakeFouls,ShortMidRangePctAssisted,ThreePtShootingFoulsDrawnPct,PenaltyCorner3FGM,Charge Fouls,OffCorner3ReboundPct,PenaltyCorner3Accuracy,Corner3PctBlocked,on,BlockedCorner3,DefensiveGoaltends,Charge Fouls Drawn,LongMidRangePctBlocked,3pt And 1 Free Throw Trips,OffensiveGoaltends
1626167,1610612749,Myles Turner,Myles Turner,1626167,MIL,936.0,16,-19.0,32,31,9,11,4,63,1.0,2.0,1.0,2.0,4.0,7,44,1.0,1.0,2.0,2,3.0,2.0,1.0,1.0,1.0,2.0,2.0,2.0,3.0,4.0,1.0,6.0,2.0,1.0,1.0,1.0,1.0,1.0,1.0,2,9,1.0,1.0,0.5,0.5,0.75,0.7,0.5,1.0,1.0,13.513513513513514,0.125,0.1,0.1111111111111111,0.3333333333333333,0.1111111111111111,1.0,1.0,0.5,0.5,1.0,1.0,0.5,0.525975,0.5,1.0,0.14285714285714285,0.2857142857142857,25.8,0.28125,,,,,,,,,,,,,,,,,,,,,,,,,,,,,,,,,,,,,,,,,,,,,,,,,,,,,,,,,,,,,,,,,,,,,,,,,,,,,,,,,,,,,,,,,,,,,,,,,,,,,,,,,,,,,,,,,,,,,,,,,,,,,,,,,,,,,,,,,,,,,,,True,,,,,,
1627752,1610612749,Taurean Prince,Taurean Prince,1627752,MIL,6042.3,101,31.0,194,194,48,74,24,388,10.0,16.0,14.0,23.0,,58,229,,,,6,33.0,16.0,10.0,,1.0,1.0,15.0,2.0,3.0,4.0,,,,,3.0,2.0,3.0,3.0,,6,48,,0.7857142857142857,0.6086956521739131,0.6086956521739131,0.8787878787878788,0.8787878787878788,,1.0,0.696969696969697,19.634703196347033,0.04,,0.015384615384615385,,,1.0,0.48484848484848486,0.625,0.6666666666666666,0.7,0.8484848484848485,0.625,0.530869696969697,,,,0.10344827586206896,25.09565217391304,0.24742268041237114,5.0,5.0,2.0,4.0,1.0,1.0,4.0,7.0,1.0,2.0,2.0,8.0,10.0,2.0,3.0,8.0,8.0,9.0,1.0,8.0,6.0,14.0,5.0,1.0,7.0,1.0,34.0,8.0,5.0,1.0,14.0,3.0,2.0,1.0,7.0,3.0,6.0,3.0,1.0,10.0,1.0,3.0,1.0,1.0,0.5,0.5,0.6666666666666666,0.8,1.0,0.043478260869565216,0.0625,0.7,0.3333333333333333,0.10869565217391304,0.20512820512820512,0.15294117647058825,0.1,0.07692307692307693,0.05263157894736842,0.21428571428571427,0.1724137931034483,0.3,0.15151515151515152,1.0,1.0,0.6,0.12121212121212122,0.5,0.5,0.030303030303030304,1.0,1.0,1.0,0.21212121212121213,0.5714285714285714,0.5714285714285714,1.0,0.3333333333333333,0.6666666666666666,1.0,0.5388999999999999,6.57,,,,,,,,,,,,,,,,,,,,,,,,,,,,,,,,,,,,,,,,,,,,,,,,,,,,,,,,,,,,,True,,,,,,
1631172,1610612749,Ousmane Dieng,Ousmane Dieng,1631172,MIL,6280.6,105,-17.0,205,206,35,54,34,411,2.0,18.0,3.0,19.0,9.0,60,269,1.0,10.0,8.0,20,6.0,18.0,2.0,2.0,2.0,5.0,24.0,5.0,7.0,12.0,,13.0,5.0,2.0,,,1.0,,,20,35,2.0,0.6666666666666666,0.15789473684210525,0.15789473684210525,0.425,0.45454545454545453,0.625,0.6666666666666666,0.31666666666666665,32.91666666666667,0.05128205128205128,0.03636363636363636,0.0425531914893617,,0.0425531914893617,,0.3,0.1111111111111111,0.1111111111111111,0.5,0.6,0.1111111111111111,0.507925,0.078125,0.1111111111111111,0.16666666666666666,0.3333333333333333,26.557894736842105,0.17073170731707318,11.0,17.0,8.0,16.0,2.0,8.0,1.0,1.0,,,2.0,21.0,41.0,,2.0,6.0,36.0,3.0,,6.0,12.0,18.0,8.0,4.0,5.0,1.0,48.0,6.0,13.0,,19.0,2.0,1.0,1.0,9.0,1.0,7.0,4.0,2.0,13.0,3.0,1.0,,,0.14285714285714285,0.15789473684210525,,0.5121951219512195,0.6,,,0.6923076923076923,,0.2653061224489796,0.14634146341463414,0.2111111111111111,,0.3333333333333333,0.3333333333333333,0.07692307692307693,0.10344827586206896,0.25,0.2833333333333333,0.6470588235294118,0.6470588235294118,0.2727272727272727,0.26666666666666666,0.5,0.5333333333333333,0.13333333333333333,0.25,0.25,,0.016666666666666666,1.0,1.0,1.0,,0.2,,0.41929999999999995,7.929268292682926,2.0,2.0,2.0,3.0,1.0,1.0,1.0,3.0,5.0,1.0,2.0,6.0,8.0,4.0,1.0,1.0,1.0,1.0,1.0,1.0,1.0,1.0,0.5,0.6,0.75,0.6428571428571429,0.024390243902439025,0.0625,0.16666666666666666,0.11764705882352941,0.02857142857142857,0.2857142857142857,1.0,0.5,0.14285714285714285,1.0,1.0,0.14285714285714285,0.3,0.6666666666666666,0.5237833333333333,,,,,,,,,,,,,,,,,,,,True,,,,,,
1631260,1610612749,AJ Green,AJ Green,1631260,MIL,6904.3,115,-28.0,225,219,44,60,39,444,12.0,30.0,13.0,32.0,4.0,47,283,,6.0,2.0,10,33.0,30.0,12.0,2.0,,2.0,17.0,6.0,11.0,6.0,1.0,4.0,1.0,1.0,,,,,,10,44,1.0,0.8461538461538461,0.40625,0.40625,0.5972222222222222,0.618421052631579,0.75,0.7142857142857143,0.8888888888888888,17.16417910447761,,0.031746031746031744,0.018691588785046728,,0.038461538461538464,,0.8333333333333334,0.4,0.4,0.8333333333333334,0.9722222222222222,0.4,0.5269916666666667,0.02702702702702703,0.2,0.1276595744680851,0.2127659574468085,26.837500000000002,0.19555555555555557,2.0,3.0,,1.0,,,1.0,2.0,,2.0,5.0,2.0,4.0,2.0,5.0,4.0,,6.0,,2.0,2.0,4.0,2.0,,2.0,,10.0,6.0,9.0,,15.0,2.0,1.0,1.0,5.0,1.0,3.0,3.0,2.0,8.0,,2.0,,,1.0,1.0,0.4,0.5,0.6666666666666666,,,0.625,,0.16981132075471697,0.13636363636363635,0.15463917525773196,,0.2857142857142857,0.18181818181818182,0.058823529411764705,0.13793103448275862,0.13333333333333333,0.08333333333333333,0.6666666666666666,1.0,1.0,0.027777777777777776,,,,,,,0.05555555555555555,0.5,0.5,1.0,,0.8333333333333334,0.4,0.50205,4.575,,,1.0,1.0,,1.0,3.0,,,2.0,4.0,1.0,1.0,,1.0,,1.0,,,,,,0.5,,1.0,0.75,0.25,,,,0.05,,,,0.25,,,0.75,0.16666666666666666,1.0,0.56775,2.0,2.0,0.3333333333333333,0.6666666666666666,1.0,,,,,,,,,,,,,,,True,,,,,,
1642504,1610612749,Cormac Ryan,Cormac Ryan,1642504,MIL,11907.699999999999,198,-21.0,386,388,88,121,55,774,16.0,29.0,19.0,38.0,18.0,107,479,,16.0,11.0,31,54.0,29.0,16.0,4.0,,4.0,13.0,11.0,22.0,17.0,2.0,20.0,5.0,2.0,3.0,,3.0,1.0,,31,88,2.0,0.9473684210526315,0.5,0.5,0.6846153846153846,0.726027397260274,0.8,0.7894736842105263,0.5846153846153846,19.05829596412556,,0.04081632653061224,0.024096385542168676,,0.05263157894736842,0.3333333333333333,0.4461538461538462,0.5517241379310345,0.5517241379310345,0.9375,0.8307692307692308,0.5517241379310345,0.540973846153846,0.09859154929577464,0.16129032258064516,0.14953271028037382,0.2897196261682243,25.413157894736845,0.22797927461139897,11.0,16.0,5.0,9.0,,2.0,3.0,9.0,,4.0,8.0,16.0,27.0,4.0,8.0,12.0,20.0,3.0,,6.0,6.0,12.0,3.0,3.0,5.0,,30.0,3.0,5.0,1.0,9.0,9.0,7.0,2.0,5.0,4.0,3.0,7.0,2.0,12.0,1.0,2.0,1.0,2.0,0.375,0.4,0.5,0.5925925925925926,0.7142857142857143,,,0.4166666666666667,0.16666666666666666,0.05813953488372093,0.03614457831325301,0.047337278106508875,,0.037037037037037035,0.11428571428571428,,0.04838709677419355,,0.24615384615384617,0.6875,0.7333333333333333,0.45454545454545453,0.13846153846153847,0.5555555555555556,0.5555555555555556,0.03076923076923077,,,,0.13846153846153847,0.3333333333333333,0.3333333333333333,1.0,,0.5714285714285714,0.5,0.5032214285714286,5.366666666666666,1.0,3.0,3.0,4.0,,,4.0,2.0,6.0,4.0,4.0,4.0,6.0,2.0,1.0,,,,1.0,1.0,,,1.0,0.3333333333333333,0.6666666666666666,0.8,0.037037037037037035,,,,,0.3,0.3333333333333333,,,,,0.4,0.2857142857142857,0.75,0.59435,4.0,1.0,0.0625,1.0,1.0,1.0,2.0,1.0,1.0,2.0,1.0,4.0,0.2,0.05,,,,,,True,,,,,,
1628398,1610612749,Kyle Kuzma,Kyle Kuzma,1628398,MIL,1290.0,22,-17.0,42,43,4,8,4,85,,1.0,1.0,2.0,,13,57,,6.0,,3,3.0,1.0,,2.0,1.0,3.0,9.0,1.0,3.0,1.0,,,,,1.0,1.0,1.0,1.0,,3,4,,1.0,0.5,0.5,0.65,0.65,0.75,1.5,0.2,27.659574468085108,0.1111111111111111,0.2222222222222222,0.16666666666666666,,0.125,1.0,0.1,,,,0.7,,0.540805,,,0.46153846153846156,0.23076923076923078,26.35,0.09523809523809523,4.0,5.0,1.0,3.0,,,1.0,1.0,1.0,,,5.0,8.0,1.0,1.0,2.0,8.0,,,2.0,1.0,3.0,1.0,,,1.0,7.0,3.0,3.0,,6.0,,,,1.0,,1.0,2.0,,3.0,,,,,0.2,0.5,1.0,0.625,1.5,,,0.3333333333333333,,0.23076923076923078,0.375,0.2857142857142857,,,0.25,0.5,0.375,,0.5,0.8,0.8,0.25,0.3,0.3333333333333333,0.3333333333333333,,,,,0.1,1.0,1.0,1.0,1.0,,,0.59115,4.9875,3.0,3.0,,,,,,3.0,4.0,,,,,6.0,,,1.0,,,,,,,0.75,,0.75,,,,0.3333333333333333,0.25,0.75,1.0,,,,,,,,0.5074500000000001,,,,,,1.0,,1.0,,,,,,,1.0,1.0,1.0,1.0,,True,,,,,,
203914,1610612749,Gary Harris,Gary Harris,203914,MIL,2394.0,40,-27.0,78,78,20,24,12,156,3.0,5.0,3.0,7.0,,15,106,,,,5,9.0,5.0,3.0,1.0,1.0,2.0,4.0,2.0,5.0,,,,,,2.0,2.0,2.0,1.0,,5,20,,1.0,0.42857142857142855,0.42857142857142855,0.5769230769230769,0.5769230769230769,,0.625,0.5384615384615384,16.483516483516482,0.0625,0.043478260869565216,0.05128205128205128,,,0.5,0.38461538461538464,0.6,0.6,1.0,0.7692307692307693,0.6,0.5554192307692307,,,,0.3333333333333333,25.057142857142857,0.2564102564102564,2.0,3.0,1.0,2.0,,1.0,,2.0,,1.0,2.0,3.0,6.0,1.0,2.0,4.0,2.0,,,1.0,3.0,4.0,2.0,1.0,1.0,,11.0,,2.0,,2.0,2.0,1.0,1.0,2.0,,2.0,,,2.0,,2.0,,,0.6666666666666666,0.6666666666666666,0.5,0.5,0.625,,,1.0,,0.16666666666666666,,0.0625,,,0.25,0.3333333333333333,,,0.23076923076923078,0.6666666666666666,1.0,0.5,0.15384615384615385,0.5,0.5,0.07692307692307693,,,,0.15384615384615385,,,,,0.5,0.5,0.5391,5.900000000000001,,,1.0,1.0,,,2.0,,1.0,,2.0,1.0,2.0,,1.0,,,,,,,,,,0.5,,0.16666666666666666,,,0.14285714285714285,,,,,,,,0.6666666666666666,0.25,1.0,0.5547,,,0.3333333333333333,,,,,,,,,,1.0,,,,0.14285714285714285,,,True,,,,,,
1631250,1610612749,Pete Nance,Pete Nance,1631250,MIL,7526.7,125,-3.0,246,245,77,65,30,491,5.0,12.0,6.0,14.0,1.0,31,305,,,,5,18.0,12.0,5.0,2.0,1.0,3.0,14.0,8.0,12.0,2.0,,2.0,1.0,,1.0,1.0,1.0,,,5,77,,1.0,0.42857142857142855,0.42857142857142855,0.6,0.5961538461538461,,1.25,0.56,10.75268817204301,0.023809523809523808,0.037037037037037035,0.03125,,0.023809523809523808,,0.48,0.4166666666666667,0.4166666666666667,1.0,0.88,0.4166666666666667,0.54879,0.038461538461538464,0.08333333333333333,,0.16129032258064516,26.349999999999998,0.3130081300813008,5.0,8.0,1.0,3.0,,,1.0,2.0,1.0,,,6.0,11.0,1.0,1.0,8.0,4.0,,,5.0,4.0,9.0,4.0,,5.0,,22.0,7.0,4.0,,11.0,2.0,1.0,1.0,,3.0,,4.0,,4.0,,1.0,,,0.6666666666666666,0.6666666666666666,1.0,0.5454545454545454,1.25,,,,,0.07547169811320754,0.11864406779661017,0.09821428571428571,,0.0625,0.1,0.058823529411764705,0.15555555555555556,,0.32,0.625,0.7142857142857143,0.8,0.12,0.3333333333333333,0.5,,,,,0.08,0.5,0.5,1.0,0.5,,,0.63025,3.372727272727272,,1.0,1.0,1.0,,,1.0,,2.0,,1.0,1.0,1.0,,2.0,,,,,,,,,,1.0,,0.18181818181818182,0.3333333333333333,,0.05555555555555555,,0.3333333333333333,,,,,,0.3333333333333333,0.5,1.0,0.42017499999999997,,,0.125,,,,,1.0,,,,1.0,,,1.0,,0.08333333333333333,1.0,,True,,,,,,
1641748,1610612749,Andre Jackson Jr.,Andre Jackson Jr.,1641748,MIL,4409.3,73,-13.0,142,146,35,51,19,288,2.0,7.0,4.0,12.0,1.0,29,160,1.0,1.0,1.0,7,6.0,7.0,2.0,3.0,2.0,5.0,10.0,5.0,9.0,5.0,,6.0,2.0,1.0,1.0,1.0,1.0,,,7,35,1.0,0.5,0.3333333333333333,0.3333333333333333,0.4827586206896552,0.453125,0.25,0.4375,0.41379310344827586,22.699386503067487,0.07142857142857142,0.075,0.07352941176470588,0.25,0.10344827586206896,,0.2413793103448276,0.2857142857142857,0.2857142857142857,0.5,0.7241379310344828,0.2857142857142857,0.5327689655172414,0.06451612903225806,0.10526315789473684,0.034482758620689655,0.2413793103448276,25.09166666666667,0.24647887323943662,5.0,9.0,3.0,8.0,,,2.0,5.0,,,3.0,8.0,17.0,,3.0,10.0,6.0,6.0,,,6.0,6.0,6.0,,,,18.0,1.0,4.0,,5.0,3.0,1.0,2.0,1.0,2.0,1.0,4.0,,5.0,1.0,2.0,,,0.625,0.625,,0.47058823529411764,0.42857142857142855,,,0.2,,0.12903225806451613,0.030303030303030304,0.078125,0.08333333333333333,,0.07142857142857142,0.3333333333333333,0.043478260869565216,,0.3103448275862069,0.5555555555555556,0.625,0.6,0.27586206896551724,0.375,0.375,,,,,0.1724137931034483,0.4,0.4,0.5,,0.42857142857142855,,0.5075428571428572,4.447058823529411,,1.0,2.0,2.0,,,,,1.0,,,3.0,4.0,,1.0,,,,1.0,,,,,,0.75,,0.058823529411764705,,,,,1.0,,,,,,,0.2857142857142857,1.0,0.6554,,,0.1111111111111111,,,,,,,,,3.0,0.6666666666666666,,,,,,,True,,,,,,
1629018,1610612749,Gary Trent Jr.,Gary Trent Jr.,1629018,MIL,1750.0,29,-11.0,53,58,17,32,6,111,4.0,8.0,4.0,12.0,3.0,19,73,,,2.0,16,6.0,8.0,4.0,,,,,1.0,4.0,3.0,,3.0,,1.0,,,,,,16,17,1.0,0.5,0.3333333333333333,0.3333333333333333,0.47058823529411764,0.5,,1.0,0.7058823529411765,32.25806451612903,,,,,,,0.47058823529411764,0.5,0.5,0.5,0.8235294117647058,0.5,0.4983176470588236,,,,0.8421052631578947,25.349999999999998,0.32075471698113206,1.0,2.0,1.0,2.0,,1.0,,4.0,1.0,4.0,5.0,2.0,5.0,4.0,6.0,2.0,2.0,6.0,2.0,1.0,2.0,3.0,1.0,1.0,1.0,,8.0,,,,,2.0,,2.0,1.0,,1.0,1.0,,2.0,,,1.0,,0.5,0.5,0.6666666666666666,0.4,1.0,0.16666666666666666,,0.5,,,,,,,,,,,0.11764705882352941,0.5,1.0,1.0,0.11764705882352941,0.5,1.0,0.058823529411764705,,,,0.23529411764705882,,,,0.14285714285714285,0.7142857142857143,0.8,0.5141,7.88,,,,,,1.0,,,1.0,,1.0,1.0,1.0,,2.0,,,1.0,,,,,,,1.0,,0.4,0.5,,,,,,,0.5,,,,,,0.4896,,,0.5,,,,,,1.0,,,1.0,,,,,,,0.5,True,,,,,,
1630579,1610612749,Jericho Sims,Jericho Sims,1630579,MIL,6647.5,111,21.0,212,216,39,66,36,428,,,,,11.0,35,260,7.0,19.0,4.0,6,,,,9.0,6.0,15.0,36.0,7.0,17.0,12.0,4.0,18.0,8.0,1.0,,,,,,6,39,1.0,,,,0.6666666666666666,0.6481481481481481,0.7916666666666666,0.42857142857142855,,13.2,0.17647058823529413,0.16981132075471697,0.1724137931034483,0.16666666666666666,0.19047619047619047,,,,,,0.8888888888888888,,0.6552166666666666,0.3076923076923077,0.3076923076923077,0.5428571428571428,0.17142857142857143,,0.18396226415094338,12.0,16.0,,2.0,,,,,,,,12.0,18.0,,,18.0,6.0,,,7.0,10.0,17.0,8.0,2.0,5.0,1.0,44.0,11.0,8.0,2.0,21.0,2.0,1.0,1.0,2.0,1.0,1.0,4.0,1.0,6.0,3.0,1.0,,,0.75,1.0,,0.6666666666666666,0.25,,,0.3333333333333333,0.5,0.16666666666666666,0.22448979591836735,0.1958762886597938,0.25,0.16666666666666666,0.05555555555555555,0.3333333333333333,0.16216216216216217,0.4166666666666667,0.8888888888888888,0.75,0.8571428571428571,0.75,0.1111111111111111,,,,,,,,,,,,,,0.645575,2.3333333333333335,6.0,7.0,1.0,4.0,,,,6.0,7.0,,,1.0,4.0,6.0,3.0,,1.0,,,,,,,0.8571428571428571,0.25,0.8571428571428571,0.16666666666666666,0.5,,0.125,0.3333333333333333,1.0,0.8571428571428571,0.5,,,,,1.0,0.25,0.7178,,,0.125,,,1.0,1.0,2.0,,,,,,,,,0.09090909090909091,,,True,,,,,,
1631157,1610612749,Ryan Rollins,Ryan Rollins,1631157,MIL,1742.8,29,9.0,57,56,9,24,5,113,4.0,6.0,4.0,6.0,6.0,28,70,,2.0,,3,,6.0,4.0,,1.0,1.0,3.0,1.0,1.0,3.0,,6.0,3.0,,,,,,,3,9,,,0.6666666666666666,0.6666666666666666,0.6875,0.7368421052631579,1.0,0.75,0.375,36.507936507936506,0.14285714285714285,,0.0625,,,,0.375,0.6666666666666666,0.6666666666666666,,0.5625,0.6666666666666666,0.48157500000000003,0.15789473684210525,0.23076923076923078,0.07142857142857142,0.10714285714285714,27.03333333333333,0.15789473684210525,3.0,3.0,,3.0,2.0,4.0,,,,1.0,1.0,5.0,10.0,1.0,1.0,4.0,6.0,12.0,,2.0,4.0,6.0,4.0,,2.0,,16.0,1.0,1.0,,2.0,1.0,1.0,,4.0,,2.0,,2.0,4.0,,1.0,,,0.4,0.5,1.0,0.5,0.75,,,1.0,,0.07692307692307693,0.08333333333333333,0.08,,,0.25,,0.1,,0.1875,1.0,1.0,0.3333333333333333,0.1875,,,0.25,0.5,0.5,0.5,,,,,,0.5,1.0,0.422825,10.54,1.0,1.0,,,,,,1.0,1.0,,,,1.0,2.0,1.0,,1.0,,,,,,,1.0,,1.0,0.1,0.3333333333333333,,0.25,0.2,1.0,1.0,,,,,,,,0.4702,,,,,,,,,,,,,,,,,,,,True,,,,,,
203648,1610612749,Thanasis Antetokounmpo,Thanasis Antetokounmpo,203648,MIL,1136.0,19,-9.0,37,40,12,12,5,77,,,,1.0,2.0,6,40,,,,2,,,,,1.0,1.0,7.0,1.0,2.0,3.0,,4.0,2.0,,,,,,,2,12,,,,,0.4,0.42857142857142855,,0.3333333333333333,0.2,23.80952380952381,0.1,,0.05,,,,,,,,0.6,,0.49456999999999995,0.2857142857142857,0.3333333333333333,,0.3333333333333333,24.5,0.32432432432432434,1.0,2.0,1.0,2.0,,,,1.0,,,,2.0,4.0,,,2.0,2.0,,,,1.0,1.0,1.0,,,,3.0,2.0,4.0,,6.0,2.0,2.0,,2.0,,1.0,1.0,1.0,3.0,,,,,0.5,0.5,,0.5,0.5,,,0.6666666666666666,,0.8,0.2,0.4,0.16666666666666666,,1.0,1.0,0.2,,0.4,0.5,0.5,1.0,0.4,0.5,0.5,,,,,0.2,,,,,,,0.5883499999999999,4.725,,,1.0,2.0,,,,,,,,1.0,2.0,,,,1.0,1.0,,,,,,,0.5,,,,,,0.3333333333333333,,,,,,,,1.0,0.5,,,,,,,,,,,,,,,,,,,,,True,,,,,,
1630828,1610612749,Alex Antetokounmpo,Alex Antetokounmpo,1630828,MIL,571.3,10,-1.0,21,20,3,3,2,41,,1.0,,2.0,1.0,3,20,1.0,1.0,,2,,1.0,,,1.0,1.0,1.0,,,1.0,,2.0,1.0,,,,,,,2,3,,,,,0.3333333333333333,0.375,0.5,1.0,0.6666666666666666,17.391304347826086,0.3333333333333333,,0.1,,,,0.3333333333333333,,,,0.6666666666666666,,0.48741666666666666,0.25,0.5,0.3333333333333333,0.6666666666666666,25.45,0.14285714285714285,,,,,1.0,1.0,,1.0,,,,1.0,1.0,,,2.0,,,,1.0,,1.0,,,1.0,,2.0,,,,,,,,,,,,,,,,,,1.0,1.0,,1.0,1.0,,,,,,,,0.5,,,,,,,,,,,,,0.3333333333333333,1.0,1.0,1.0,0.3333333333333333,,,,,,,0.3785,14.0,,,,,,,,,,,,1.0,1.0,,,,,,,,,,,,1.0,,,,,,,,,,,,,,,,,,,,,,,,,,,,,,,,,,,,True,,,,,,
1626167,1610612749,Myles Turner,Myles Turner,1626167,MIL,112168.20000000001,1869,-234.0,3854,3858,771,761,365,7712,113.0,305.0,145.0,377.0,127.0,826,4527,16.0,85.0,47.0,182,435.0,305.0,113.0,31.0,39.0,73.0,371.0,121.0,180.0,152.0,16.0,170.0,78.0,13.0,105.0,57.0,109.0,59.0,6.0,182,764,13.0,1.0,0.38461538461538464,0.38461538461538464,0.5521327014218009,0.5833333333333334,0.5379746835443038,0.5909090909090909,0.5955766192733017,18.54195968120019,0.04808877928483354,0.03347732181425486,0.04029936672423719,0.031578947368421054,0.03197674418604651,0.5412844036697247,0.48183254344391785,0.3704918032786885,0.3717105263157895,1.0,0.7804107424960506,0.3704918032786885,0.5361804107424962,0.11510791366906475,0.2468354430379747,0.10290556900726393,0.22033898305084745,25.922281167108757,0.20005189413596264,76.0,117.0,37.0,97.0,19.0,42.0,32.0,72.0,13.0,20.0,63.0,132.0,256.0,27.0,76.0,192.0,72.0,,2.0,47.0,53.0,100.0,38.0,15.0,33.0,8.0,253.0,134.0,153.0,11.0,298.0,50.0,30.0,20.0,45.0,3.0,23.0,38.0,22.0,83.0,7.0,15.0,4.0,47.0,0.7272727272727273,0.8571428571428571,0.35526315789473684,0.515625,0.531496062992126,0.005305039787798408,0.003278688524590164,0.5421686746987951,0.11827956989247312,0.1696230598669623,0.1416490486257928,0.1553030303030303,0.05054151624548736,0.1423611111111111,0.1789709172259508,0.19161676646706588,0.14689265536723164,0.12605042016806722,0.1848341232227488,0.6495726495726496,0.76,0.7368421052631579,0.15323854660347552,0.38144329896907214,0.44047619047619047,0.06635071090047394,0.4523809523809524,0.4523809523809524,0.8947368421052632,0.11374407582938388,0.4444444444444444,0.4507042253521127,1.0,0.10236220472440945,0.49606299212598426,0.31746031746031744,0.5256228346456694,6.944140624999998,19.0,33.0,22.0,29.0,1.0,5.0,17.0,24.0,47.0,7.0,22.0,27.0,51.0,40.0,30.0,3.0,14.0,3.0,4.0,18.0,4.0,1.0,0.3181818181818182,0.5106382978723404,0.5294117647058824,0.5,0.1171875,0.13402061855670103,0.024,0.055232558139534885,0.04361370716510903,0.4782608695652174,0.5757575757575758,0.15789473684210525,0.07246376811594203,0.2,1.0,0.2463768115942029,0.2283464566929134,0.7586206896551724,0.5311423913043478,6.0,3.0,0.1452991452991453,0.35294117647058826,1.0,6.0,14.0,19.0,,2.0,1.0,5.0,0.6216216216216216,0.005277044854881266,7.0,1.0,0.037815126050420166,0.5384615384615384,0.013888888888888888,False,3.0,4.0,,,,
1626171,1610612749,Bobby Portis,Bobby Portis,1626171,MIL,97158.79999999999,1619,-266.0,3248,3279,753,777,335,6527,78.0,178.0,135.0,296.0,48.0,915,3941,11.0,129.0,19.0,143,399.0,178.0,78.0,42.0,46.0,89.0,428.0,63.0,109.0,67.0,14.0,68.0,25.0,12.0,12.0,5.0,12.0,7.0,4.0,143,751,12.0,0.9851851851851852,0.4560810810810811,0.4560810810810811,0.578,0.5858974358974359,0.5707964601769911,0.4798657718120805,0.39466666666666667,23.167718912983805,0.06191117092866756,0.054474708171206226,0.05812417437252312,0.03864734299516908,0.04864864864864865,0.5833333333333334,0.23733333333333334,0.43820224719101125,0.4406779661016949,1.0,0.528,0.43820224719101125,0.5049062000000001,0.032552083333333336,0.05296610169491525,0.14098360655737704,0.15628415300546447,25.0722972972973,0.23183497536945813,65.0,100.0,95.0,190.0,71.0,164.0,57.0,118.0,23.0,9.0,24.0,231.0,454.0,16.0,47.0,288.0,174.0,6.0,2.0,46.0,59.0,105.0,42.0,17.0,31.0,9.0,269.0,159.0,141.0,39.0,339.0,41.0,26.0,15.0,40.0,5.0,21.0,25.0,19.0,65.0,7.0,9.0,,5.0,0.6233766233766234,0.6956521739130435,0.3404255319148936,0.5088105726872246,0.4626865671641791,0.006756756756756757,0.0056179775280898875,0.6153846153846154,0.4020618556701031,0.20583941605839415,0.17865168539325843,0.19047619047619047,0.10945273631840796,0.14847161572052403,0.2287390029325513,0.25217391304347825,0.170182841068917,0.2122905027932961,0.13333333333333333,0.65,0.6914893617021277,0.5846153846153846,0.25333333333333335,0.5,0.536723163841808,0.21866666666666668,0.4329268292682927,0.43558282208588955,0.6901408450704225,0.15733333333333333,0.4830508474576271,0.48717948717948717,0.9649122807017544,0.17164179104477612,0.1791044776119403,0.375,0.4968115671641792,10.52687224669604,19.0,33.0,13.0,23.0,4.0,7.0,15.0,44.0,82.0,10.0,22.0,38.0,87.0,48.0,20.0,1.0,14.0,4.0,,7.0,,,0.45454545454545453,0.5365853658536586,0.4367816091954023,0.5673076923076923,0.04405286343612335,0.06842105263157895,0.01639344262295082,0.04776119402985075,0.03910614525139665,0.3173076923076923,0.5757575757575758,,0.0673076923076923,0.5714285714285714,0.75,0.14423076923076922,0.17164179104477612,0.5652173913043478,0.500512142857143,6.0,4.0,0.06,0.4,1.0,6.0,11.0,9.0,1.0,,2.0,10.0,0.6,,7.0,,0.06944444444444445,0.30434782608695654,0.00847457627118644,False,,,1.0,0.006097560975609756,,
1627752,1610612749,Taurean Prince,Taurean Prince,1627752,MIL,26611.999999999993,444,-70.0,910,920,232,276,90,1830,16.0,45.0,38.0,96.0,5.0,149,1103,,13.0,,48,108.0,45.0,16.0,3.0,,3.0,51.0,21.0,44.0,7.0,1.0,5.0,3.0,,3.0,3.0,3.0,,,48,232,,0.9473684210526315,0.3958333333333333,0.3958333333333333,0.549618320610687,0.5601503759398496,0.5416666666666666,0.5106382978723404,0.732824427480916,14.691478942213514,,0.012244897959183673,0.007159904534606206,,0.006024096385542169,,0.3435114503816794,0.35555555555555557,0.36363636363636365,0.875,0.816793893129771,0.35555555555555557,0.548157251908397,0.022556390977443608,0.08108108108108109,0.087248322147651,0.3221476510067114,24.592708333333334,0.2549450549450549,7.0,11.0,4.0,16.0,4.0,8.0,22.0,51.0,20.0,6.0,18.0,15.0,35.0,14.0,38.0,20.0,10.0,6.0,1.0,12.0,13.0,25.0,5.0,8.0,8.0,1.0,63.0,28.0,19.0,1.0,48.0,11.0,10.0,1.0,12.0,1.0,10.0,5.0,2.0,17.0,1.0,2.0,1.0,,0.6666666666666666,0.6666666666666666,0.3684210526315789,0.42857142857142855,0.5106382978723404,0.010416666666666666,0.022222222222222223,0.7058823529411765,0.037037037037037035,0.09223300970873786,0.12844036697247707,0.11084905660377359,,0.06329113924050633,0.11363636363636363,0.10256410256410256,0.14619883040935672,0.06382978723404255,0.08396946564885496,0.6363636363636364,0.7,0.8571428571428571,0.12213740458015267,0.25,0.2857142857142857,0.061068702290076333,0.5,0.5,0.25,0.3893129770992366,0.43137254901960786,0.43137254901960786,1.0,0.425531914893617,0.3829787234042553,0.3333333333333333,0.5465755319148936,8.46,1.0,1.0,2.0,3.0,1.0,4.0,5.0,2.0,3.0,3.0,9.0,3.0,9.0,,3.0,,1.0,3.0,1.0,1.0,,,0.3333333333333333,0.6666666666666666,0.3333333333333333,0.5416666666666666,0.08571428571428572,0.125,,,0.0136986301369863,0.08333333333333333,1.0,1.0,0.3333333333333333,0.25,1.0,0.4166666666666667,0.06382978723404255,0.6666666666666666,0.5101833333333333,2.0,,0.09090909090909091,0.4,1.0,3.0,4.0,,,,,4.0,0.75,,8.0,,0.02531645569620253,0.4,,False,,,,,,
1628398,1610612749,Kyle Kuzma,Kyle Kuzma,1628398,MIL,105806.20000000004,1763,-259.0,3604,3633,841,787,339,7237,51.0,152.0,81.0,236.0,134.0,875,4325,4.0,79.0,40.0,230,228.0,152.0,51.0,15.0,39.0,54.0,303.0,80.0,131.0,154.0,2.0,185.0,97.0,8.0,27.0,19.0,27.0,16.0,2.0,228,835,7.0,0.9382716049382716,0.3432203389830508,0.3432203389830508,0.5488888888888889,0.5810092961487384,0.5563380281690141,0.6534090909090909,0.3496296296296296,21.686746987951807,0.050387596899224806,0.01740139211136891,0.03300733496332518,0.03314917127071823,0.016,0.5925925925925926,0.22518518518518518,0.3355263157894737,0.34,0.9215686274509803,0.7096296296296296,0.3355263157894737,0.5566821958456974,0.13154362416107382,0.19094488188976377,0.09028571428571429,0.26285714285714284,25.45550847457626,0.23335183129855716,167.0,243.0,70.0,168.0,12.0,28.0,30.0,84.0,16.0,12.0,40.0,249.0,439.0,18.0,56.0,320.0,178.0,15.0,2.0,92.0,84.0,176.0,45.0,39.0,60.0,18.0,436.0,135.0,90.0,24.0,249.0,46.0,33.0,13.0,63.0,15.0,28.0,48.0,35.0,111.0,8.0,23.0,7.0,7.0,0.642570281124498,0.6896551724137931,0.32142857142857145,0.5671981776765376,0.6129032258064516,0.00847457627118644,0.013157894736842105,0.5675675675675675,0.25806451612903225,0.11221945137157108,0.14484978540772533,0.12975778546712802,0.04838709677419355,0.0944055944055944,0.13612565445026178,0.08208955223880597,0.13966480446927373,0.16203703703703703,0.36,0.6872427983539094,0.7389380530973452,0.6766467065868264,0.24888888888888888,0.4166666666666667,0.46357615894039733,0.04148148148148148,0.42857142857142855,0.4444444444444444,0.5833333333333334,0.12444444444444444,0.35714285714285715,0.35714285714285715,0.9666666666666667,0.1032258064516129,0.25806451612903225,0.3,0.5675983766233765,4.956947608200454,18.0,33.0,50.0,66.0,4.0,7.0,13.0,24.0,48.0,9.0,20.0,68.0,99.0,34.0,35.0,,7.0,4.0,14.0,28.0,,,0.45,0.5,0.6868686868686869,0.5514705882352942,0.07972665148063782,0.10119047619047619,,0.06086956521739131,0.0231023102310231,0.4852941176470588,0.5454545454545454,0.1111111111111111,0.10294117647058823,0.5714285714285714,1.0,0.19117647058823528,0.4258064516129032,0.7575757575757576,0.5596510000000001,5.0,,0.06995884773662552,0.38461538461538464,1.0,14.0,5.0,8.0,,1.0,1.0,7.0,0.5714285714285714,0.004219409282700422,6.0,6.0,0.02109704641350211,0.375,,False,,3.0,3.0,0.03571428571428571,,
1631172,1610612749,Ousmane Dieng,Ousmane Dieng,1631172,MIL,37301.600000000006,622,-226.0,1272,1277,236,280,144,2549,32.0,87.0,42.0,107.0,12.0,248,1593,2.0,23.0,1.0,28,96.0,87.0,32.0,8.0,8.0,16.0,101.0,34.0,46.0,26.0,2.0,19.0,9.0,2.0,9.0,5.0,9.0,5.0,2.0,28,235,2.0,0.7619047619047619,0.3925233644859813,0.3925233644859813,0.5291479820627802,0.5367965367965368,0.4423076923076923,0.45161290322580644,0.4798206278026906,19.12378303198887,0.028368794326241134,0.023880597014925373,0.02593192868719611,0.024390243902439025,0.029661016949152543,0.5555555555555556,0.3901345291479821,0.367816091954023,0.3764705882352941,0.75,0.6278026905829597,0.367816091954023,0.5212446188340808,0.039301310043668124,0.07377049180327869,0.09274193548387097,0.11290322580645161,25.78037383177569,0.18553459119496854,21.0,33.0,21.0,49.0,13.0,34.0,10.0,20.0,4.0,2.0,13.0,55.0,116.0,5.0,17.0,50.0,60.0,30.0,2.0,41.0,29.0,70.0,18.0,11.0,29.0,7.0,169.0,51.0,33.0,1.0,85.0,20.0,15.0,5.0,35.0,5.0,21.0,9.0,14.0,44.0,5.0,8.0,1.0,3.0,0.45454545454545453,0.46296296296296297,0.29411764705882354,0.47413793103448276,0.46551724137931033,0.018691588785046728,0.022988505747126436,0.7954545454545454,0.037037037037037035,0.13865546218487396,0.15644171779141106,0.14893617021276595,0.0375,0.2073170731707317,0.11403508771929824,0.07142857142857142,0.15139442231075698,0.17333333333333334,0.14798206278026907,0.6363636363636364,0.8076923076923077,0.5238095238095238,0.21973094170403587,0.42857142857142855,0.4666666666666667,0.15246636771300448,0.38235294117647056,0.38235294117647056,0.3076923076923077,0.08968609865470852,0.5,0.5,0.8,0.13793103448275862,0.4482758620689655,0.15384615384615385,0.5196344827586207,9.599999999999996,,1.0,3.0,4.0,,,12.0,6.0,12.0,3.0,12.0,6.0,12.0,2.0,11.0,,,3.0,1.0,3.0,,,0.25,0.5,0.5,0.4375,0.09482758620689655,0.08163265306122448,,0.025,,0.041666666666666664,,,,,,0.5,0.13793103448275862,0.75,0.47390454545454547,3.0,,0.21212121212121213,0.25,0.6666666666666666,5.0,1.0,,,,1.0,,0.47619047619047616,,3.0,,0.010101010101010102,0.75,,False,,,,,,
1629018,1610612749,Gary Trent Jr.,Gary Trent Jr.,1629018,MIL,80892.9,1348,-337.0,2741,2755,652,696,276,5496,78.0,230.0,119.0,330.0,37.0,510,3361,2.0,50.0,18.0,130,321.0,230.0,78.0,5.0,3.0,8.0,67.0,41.0,81.0,44.0,,49.0,18.0,1.0,3.0,,3.0,3.0,,130,651,1.0,0.8991596638655462,0.3606060606060606,0.3606060606060606,0.518640350877193,0.5358649789029536,0.5,0.5286885245901639,0.7236842105263158,16.8141592920354,0.0051635111876075735,0.007385524372230428,0.006359300476947536,,0.005802707930367505,1.0,0.5043859649122807,0.3391304347826087,0.3406113537117904,0.8589743589743589,0.7631578947368421,0.3391304347826087,0.5214283991228068,0.048625792811839326,0.12857142857142856,0.09803921568627451,0.2549019607843137,25.430909090909097,0.237869390733309,10.0,18.0,25.0,58.0,23.0,50.0,41.0,100.0,23.0,18.0,58.0,58.0,126.0,28.0,81.0,64.0,52.0,36.0,2.0,50.0,26.0,76.0,17.0,9.0,35.0,8.0,178.0,39.0,19.0,1.0,59.0,32.0,19.0,13.0,27.0,2.0,18.0,12.0,9.0,39.0,6.0,7.0,11.0,3.0,0.5517241379310345,0.5614035087719298,0.345679012345679,0.4603174603174603,0.5,0.006060606060606061,0.004347826086956522,0.6923076923076923,0.014285714285714285,0.03140495867768595,0.06132075471698113,0.046736502820306204,,0.038461538461538464,0.020477815699658702,0.04807692307692308,0.07010309278350516,0.033112582781456956,0.039473684210526314,0.5555555555555556,0.6666666666666666,0.5,0.12719298245614036,0.43103448275862066,0.4716981132075472,0.10964912280701754,0.46,0.46938775510204084,0.5652173913043478,0.21929824561403508,0.41,0.41414141414141414,0.975609756097561,0.20535714285714285,0.5178571428571429,0.3103448275862069,0.5116249999999999,11.54047619047619,1.0,2.0,2.0,6.0,6.0,11.0,27.0,3.0,11.0,14.0,38.0,14.0,31.0,2.0,9.0,,4.0,,1.0,4.0,,,0.3684210526315789,0.2727272727272727,0.45161290322580644,0.4897959183673469,0.07142857142857142,0.08620689655172414,,0.012048192771084338,0.01509433962264151,0.04081632653061224,0.5,1.0,0.22448979591836735,0.5454545454545454,1.0,0.5510204081632653,0.05357142857142857,0.3333333333333333,0.5072296296296298,8.0,1.0,0.16666666666666666,0.2962962962962963,0.875,7.0,4.0,7.0,3.0,5.0,,7.0,0.56,0.015015015015015015,10.0,,0.0125,0.43478260869565216,0.01,False,,,,0.02,2.0,
1629645,1610612749,Kevin Porter Jr.,Kevin Porter Jr.,1629645,MIL,75660.9,1261,-107.0,2559,2560,516,527,269,5119,36.0,112.0,46.0,143.0,137.0,661,3018,7.0,63.0,43.0,159,87.0,112.0,36.0,18.0,16.0,34.0,198.0,42.0,87.0,137.0,7.0,156.0,68.0,10.0,17.0,8.0,19.0,11.0,,155,508,8.0,0.6304347826086957,0.32167832167832167,0.32167832167832167,0.5097276264591439,0.5688468158347676,0.6847826086956522,0.6115384615384616,0.2782101167315175,24.13552217953196,0.02872531418312388,0.02975206611570248,0.029259896729776247,0.028169014084507043,0.02142857142857143,0.5789473684210527,0.2178988326848249,0.32142857142857145,0.3302752293577982,0.5833333333333334,0.585603112840467,0.32142857142857145,0.5355556420233465,0.1295971978984238,0.16037735849056603,0.09531013615733737,0.2405446293494705,25.494405594405592,0.20164126611957797,98.0,158.0,48.0,120.0,47.0,93.0,10.0,31.0,6.0,16.0,40.0,193.0,371.0,18.0,46.0,88.0,298.0,51.0,3.0,156.0,124.0,280.0,77.0,47.0,98.0,45.0,684.0,92.0,66.0,6.0,164.0,83.0,49.0,34.0,69.0,18.0,38.0,41.0,31.0,110.0,5.0,22.0,7.0,9.0,0.22797927461139897,0.2328042328042328,0.391304347826087,0.5202156334231806,0.5321100917431193,0.02097902097902098,0.026785714285714284,0.6272727272727273,0.07692307692307693,0.11418685121107267,0.1400304414003044,0.12793522267206478,0.040229885057471264,0.10326086956521739,0.11604095563139932,0.12871287128712872,0.13861386138613863,0.14473684210526316,0.30739299610894943,0.620253164556962,0.6758620689655173,0.24489795918367346,0.23346303501945526,0.4,0.4485981308411215,0.18093385214007782,0.5053763440860215,0.5164835164835165,0.2127659574468085,0.06031128404669261,0.3225806451612903,0.3225806451612903,0.8,0.05504587155963303,0.3669724770642202,0.4,0.5210128440366972,8.031805929919136,6.0,13.0,17.0,26.0,4.0,7.0,15.0,10.0,21.0,12.0,22.0,31.0,63.0,8.0,28.0,,8.0,6.0,2.0,15.0,2.0,2.0,0.5454545454545454,0.47619047619047616,0.49206349206349204,0.6511627906976745,0.07547169811320754,0.10833333333333334,,0.02074688796680498,0.03333333333333333,0.3023255813953488,0.46153846153846156,,0.16279069767441862,0.5714285714285714,0.75,0.3488372093023256,0.23853211009174313,0.6538461538461539,0.5516065217391304,8.0,5.0,0.08227848101265822,0.5333333333333333,0.625,13.0,6.0,6.0,,6.0,,7.0,0.20833333333333334,0.04081632653061224,2.0,1.0,0.04864864864864865,0.3333333333333333,,False,,,,0.021505376344086023,2.0,
1631157,1610612749,Ryan Rollins,Ryan Rollins,1631157,MIL,140785.89999999997,2346,-184.0,4771,4805,931,988,467,9576,136.0,345.0,180.0,447.0,119.0,1253,5677,10.0,92.0,56.0,264,351.0,345.0,136.0,22.0,26.0,53.0,335.0,93.0,192.0,151.0,9.0,151.0,58.0,19.0,31.0,19.0,31.0,16.0,1.0,260,922,14.0,0.65,0.40268456375838924,0.40268456375838924,0.5591715976331361,0.5778498609823911,0.6388888888888888,0.5692640692640693,0.4408284023668639,23.998495392138423,0.02610441767068273,0.019097222222222224,0.0223463687150838,0.01606425702811245,0.02,0.5161290322580645,0.34023668639053256,0.39420289855072466,0.40117994100294985,0.5808823529411765,0.6765285996055227,0.39420289855072466,0.5417693293885604,0.05471698113207547,0.09461663947797716,0.07342378292098962,0.21069433359936154,25.6807606263982,0.19513728778033956,156.0,239.0,94.0,212.0,47.0,116.0,44.0,102.0,18.0,22.0,73.0,297.0,567.0,32.0,91.0,146.0,448.0,189.0,8.0,209.0,199.0,408.0,127.0,72.0,129.0,54.0,1015.0,148.0,128.0,6.0,282.0,109.0,66.0,43.0,138.0,26.0,83.0,59.0,55.0,197.0,7.0,24.0,3.0,12.0,0.24579124579124578,0.24829931972789115,0.3516483516483517,0.5238095238095238,0.5279187817258884,0.017897091722595078,0.017391304347826087,0.700507614213198,0.05172413793103448,0.11873840445269017,0.12161051766639278,0.12026143790849673,0.03951367781155015,0.1323943661971831,0.09210526315789473,0.16753926701570682,0.12459371614301191,0.11224489795918367,0.2357001972386588,0.6527196652719666,0.7393364928909952,0.3076923076923077,0.20907297830374755,0.44339622641509435,0.5193370165745856,0.11439842209072978,0.4051724137931034,0.42342342342342343,0.0851063829787234,0.10059171597633136,0.43137254901960786,0.44,0.8636363636363636,0.09137055837563451,0.37055837563451777,0.3013698630136986,0.5297418781725888,7.602469135802472,7.0,8.0,29.0,44.0,3.0,7.0,33.0,14.0,26.0,18.0,40.0,56.0,106.0,6.0,64.0,5.0,12.0,7.0,6.0,12.0,,,0.45,0.5384615384615384,0.5283018867924528,0.6212121212121212,0.1128747795414462,0.14622641509433962,0.036231884057971016,0.0215311004784689,0.026030368763557483,0.12121212121212122,0.875,0.14285714285714285,0.10606060606060606,0.42857142857142855,1.0,0.5,0.2233502538071066,0.6590909090909091,0.5082122222222221,15.0,1.0,0.11715481171548117,0.45454545454545453,0.7333333333333333,26.0,9.0,9.0,6.0,,,17.0,0.22340425531914893,,10.0,3.0,0.016556291390728478,0.5555555555555556,0.0196078431372549,False,,2.0,3.0,0.04310344827586207,,
203914,1610612749,Gary Harris,Gary Harris,203914,MIL,37252.100000000006,621,-105.0,1240,1254,346,311,128,2494,7.0,24.0,25.0,61.0,8.0,113,1467,,10.0,2.0,19,75.0,24.0,7.0,7.0,7.0,14.0,57.0,33.0,48.0,7.0,,9.0,6.0,,6.0,,7.0,6.0,,19,346,,1.0,0.4098360655737705,0.4098360655737705,0.5769230769230769,0.601063829787234,0.8333333333333334,0.41304347826086957,0.6703296703296703,7.991360691144708,0.025925925925925925,0.023972602739726026,0.02491103202846975,0.05128205128205128,0.018867924528301886,0.8571428571428571,0.26373626373626374,0.2916666666666667,0.30434782608695654,1.0,0.8241758241758241,0.2916666666666667,0.5470456043956043,0.06382978723404255,0.18181818181818182,0.08849557522123894,0.168141592920354,24.46885245901639,0.27903225806451615,10.0,14.0,5.0,12.0,,4.0,18.0,37.0,4.0,2.0,9.0,15.0,30.0,3.0,13.0,18.0,12.0,,1.0,27.0,20.0,47.0,14.0,6.0,14.0,5.0,114.0,21.0,17.0,5.0,43.0,25.0,9.0,16.0,8.0,2.0,6.0,9.0,2.0,17.0,2.0,7.0,,6.0,0.6,0.6923076923076923,0.23076923076923078,0.5,0.38636363636363635,0.01639344262295082,0.041666666666666664,0.47058823529411764,0.15151515151515152,0.07692307692307693,0.06624605678233439,0.07063197026022305,0.015151515151515152,0.06493506493506493,0.10256410256410256,,0.06451612903225806,0.07246376811594203,0.15384615384615385,0.7142857142857143,0.7692307692307693,0.5,0.13186813186813187,0.4166666666666667,0.45454545454545453,0.04395604395604396,,,,0.4065934065934066,0.4864864864864865,0.4864864864864865,1.0,0.18181818181818182,0.4090909090909091,0.2222222222222222,0.5287090909090909,6.813333333333333,2.0,3.0,3.0,3.0,2.0,2.0,,2.0,4.0,2.0,2.0,4.0,9.0,4.0,2.0,,1.0,2.0,,3.0,1.0,1.0,1.0,0.5,0.4444444444444444,0.8333333333333334,0.06666666666666667,0.08333333333333333,,0.015873015873015872,0.020833333333333332,0.5,0.6666666666666666,,0.3333333333333333,1.0,1.0,,0.13636363636363635,1.0,0.5388,,,0.07142857142857142,,,8.0,2.0,3.0,,,,1.0,0.8,,1.0,,0.0375,0.25,,False,,,,,,
1631260,1610612749,AJ Green,AJ Green,1631260,MIL,124649.69999999998,2077,-126.0,4226,4249,779,847,448,8475,134.0,347.0,203.0,492.0,47.0,708,5000,8.0,59.0,21.0,127,567.0,347.0,134.0,18.0,6.0,24.0,186.0,104.0,163.0,71.0,5.0,56.0,4.0,8.0,8.0,2.0,8.0,3.0,,127,775,8.0,0.9310344827586207,0.41260162601626016,0.41260162601626016,0.6031021897810219,0.6159292035398231,0.5851063829787234,0.5585585585585585,0.8978102189781022,13.28125,0.00663716814159292,0.01730769230769231,0.012345679012345678,0.009174311926605505,0.020833333333333332,0.375,0.6332116788321168,0.3861671469740634,0.38953488372093026,0.9104477611940298,0.9233576642335767,0.3861671469740634,0.5400212979890309,0.02154398563734291,0.06666666666666667,0.08333333333333333,0.17937853107344634,25.58394308943089,0.18433506862281118,8.0,14.0,10.0,22.0,8.0,20.0,69.0,145.0,25.0,21.0,65.0,26.0,56.0,32.0,90.0,36.0,16.0,42.0,7.0,66.0,77.0,143.0,47.0,30.0,46.0,15.0,363.0,80.0,73.0,9.0,162.0,34.0,14.0,20.0,43.0,4.0,27.0,21.0,16.0,64.0,2.0,14.0,13.0,6.0,0.6923076923076923,0.72,0.35555555555555557,0.4642857142857143,0.53,0.014227642276422764,0.008645533141210375,0.671875,0.08653846153846154,0.07651991614255765,0.0761904761904762,0.07634730538922156,0.009433962264150943,0.09748427672955975,0.05555555555555555,0.09523809523809523,0.07823960880195599,0.06896551724137931,0.025547445255474453,0.5714285714285714,0.6666666666666666,0.875,0.040145985401459854,0.45454545454545453,0.47619047619047616,0.0364963503649635,0.4,0.42105263157894735,0.75,0.2645985401459854,0.47586206896551725,0.48936170212765956,0.9710144927536232,0.25,0.65,0.3230769230769231,0.5178385000000001,10.896428571428572,1.0,1.0,2.0,4.0,8.0,14.0,25.0,3.0,5.0,15.0,39.0,5.0,10.0,2.0,4.0,,3.0,4.0,3.0,,,,0.38461538461538464,0.6,0.5,0.5795454545454546,0.07142857142857142,0.045454545454545456,,0.002717391304347826,0.00974025974025974,0.022727272727272728,1.0,1.0,0.3181818181818182,0.5714285714285714,1.0,0.5681818181818182,0.04,0.5,0.5250206896551725,7.0,4.0,0.14285714285714285,0.28,1.0,5.0,2.0,4.0,13.0,8.0,,13.0,0.5,0.01609657947686117,11.0,,0.007352941176470588,0.44,0.027586206896551724,False,,,3.0,0.05,3.0,
1630175,1610612749,Cole Anthony,Cole Anthony,1630175,MIL,31598.100000000006,527,-110.0,1074,1104,329,375,112,2178,15.0,55.0,22.0,72.0,16.0,234,1267,,11.0,9.0,87,48.0,55.0,15.0,11.0,5.0,16.0,87.0,42.0,73.0,46.0,4.0,26.0,8.0,5.0,10.0,5.0,11.0,6.0,,87,329,5.0,0.7272727272727273,0.3055555555555556,0.3055555555555556,0.47186147186147187,0.4834710743801653,0.3055555555555556,0.5506329113924051,0.3116883116883117,25.477178423236513,0.0196078431372549,0.044715447154471545,0.031936127744510975,0.01694915254237288,0.04819277108433735,0.5454545454545454,0.23809523809523808,0.2727272727272727,0.2777777777777778,0.6,0.5021645021645021,0.2727272727272727,0.5017651515151516,0.0379746835443038,0.04878048780487805,0.04700854700854701,0.3717948717948718,25.943055555555556,0.3063314711359404,24.0,44.0,38.0,85.0,14.0,30.0,7.0,17.0,3.0,6.0,13.0,76.0,159.0,8.0,16.0,32.0,120.0,18.0,1.0,72.0,49.0,121.0,27.0,22.0,49.0,17.0,291.0,40.0,30.0,1.0,71.0,20.0,13.0,7.0,43.0,12.0,28.0,22.0,15.0,65.0,3.0,22.0,6.0,4.0,0.21052631578947367,0.21333333333333335,0.5,0.4779874213836478,0.5492957746478874,0.013888888888888888,0.01818181818181818,0.6615384615384615,0.02564102564102564,0.1271186440677966,0.149812734082397,0.13916500994035785,0.04477611940298507,0.12941176470588237,0.10714285714285714,0.1794871794871795,0.14479638009049775,0.17391304347826086,0.19047619047619047,0.5454545454545454,0.6,0.25,0.36796536796536794,0.4470588235294118,0.4691358024691358,0.12987012987012986,0.4666666666666667,0.5,0.21428571428571427,0.0735930735930736,0.4117647058823529,0.4117647058823529,1.0,0.04225352112676056,0.18309859154929578,0.46153846153846156,0.5008281690140846,8.552830188679247,1.0,2.0,12.0,17.0,,,7.0,4.0,11.0,1.0,7.0,27.0,55.0,2.0,10.0,,3.0,4.0,,3.0,1.0,1.0,0.14285714285714285,0.36363636363636365,0.4909090909090909,0.3055555555555556,0.06289308176100629,0.047058823529411764,,0.007751937984496124,0.024793388429752067,0.1111111111111111,0.5,1.0,,,,0.3888888888888889,0.23943661971830985,0.7058823529411765,0.4671388888888889,1.0,1.0,0.09090909090909091,0.14285714285714285,1.0,6.0,4.0,3.0,,1.0,1.0,6.0,0.18421052631578946,0.0136986301369863,2.0,1.0,0.0375,0.6666666666666666,,False,,,1.0,0.06666666666666667,,
1629599,1610612749,Amir Coffey,Amir Coffey,1629599,MIL,15904.300000000001,265,-58.0,531,557,157,172,56,1088,3.0,9.0,7.0,25.0,13.0,72,618,,8.0,3.0,15,21.0,9.0,3.0,4.0,2.0,6.0,26.0,8.0,14.0,12.0,,15.0,8.0,,3.0,,3.0,1.0,,15,157,,1.0,0.28,0.28,0.5363636363636364,0.6,0.8,0.39473684210526316,0.45454545454545453,10.829103214890017,0.015384615384615385,0.03418803418803419,0.024291497975708502,,0.023255813953488372,0.3333333333333333,0.16363636363636364,0.3333333333333333,0.3333333333333333,1.0,0.6545454545454545,0.3333333333333333,0.5397327272727273,0.15,0.23529411764705882,0.1111111111111111,0.20833333333333334,24.308000000000007,0.295668549905838,11.0,11.0,3.0,9.0,5.0,10.0,4.0,16.0,4.0,2.0,7.0,19.0,30.0,2.0,11.0,20.0,18.0,,1.0,7.0,4.0,11.0,2.0,2.0,2.0,3.0,26.0,10.0,9.0,1.0,20.0,3.0,,3.0,3.0,,3.0,1.0,,4.0,,2.0,2.0,2.0,0.5263157894736842,0.625,0.18181818181818182,0.6333333333333333,0.3333333333333333,0.04,,0.75,0.125,0.07086614173228346,0.07092198581560284,0.0708955223880597,0.08333333333333333,0.10638297872340426,0.03508771929824561,0.08695652173913043,0.07758620689655173,0.04,0.2,1.0,1.0,0.36363636363636365,0.16363636363636364,0.3333333333333333,0.3333333333333333,0.18181818181818182,0.5,0.5,0.8,0.2909090909090909,0.25,0.26666666666666666,1.0,0.2222222222222222,0.3888888888888889,0.2857142857142857,0.49700555555555553,8.316666666666666,4.0,4.0,1.0,1.0,,,1.0,4.0,4.0,,1.0,3.0,7.0,6.0,,,1.0,,,4.0,,,,1.0,0.42857142857142855,0.8,,,,,0.037037037037037035,0.8,1.0,,,,,0.2,0.05555555555555555,1.0,0.6400833333333332,,1.0,,,,2.0,,,,1.0,1.0,1.0,0.6666666666666666,0.038461538461538464,,,0.06451612903225806,,0.0625,False,,,,,,
1641813,1610612749,Mark Sears,Mark Sears,1641813,MIL,1564.9,26,12.0,51,57,27,34,5,108,4.0,8.0,4.0,8.0,6.0,22,57,,3.0,6.0,18,9.0,8.0,4.0,1.0,,1.0,2.0,,4.0,6.0,,8.0,1.0,3.0,,,,,,18,27,3.0,0.75,0.5,0.5,0.6153846153846154,0.6470588235294118,1.5,0.6923076923076923,0.6153846153846154,37.49999999999999,,0.1,0.058823529411764705,,0.1,,0.6153846153846154,0.5,0.5,0.75,0.6923076923076923,0.5,0.48155,0.07142857142857142,0.16666666666666666,0.13636363636363635,0.8181818181818182,26.5,0.5294117647058824,1.0,1.0,1.0,4.0,,,,,,4.0,8.0,2.0,5.0,4.0,8.0,,4.0,3.0,,1.0,1.0,2.0,1.0,,1.0,,5.0,,1.0,,1.0,,,,4.0,,4.0,,,4.0,1.0,1.0,,,,,0.5,0.4,0.6666666666666666,,,1.0,,0.07692307692307693,,0.047619047619047616,,0.16666666666666666,,,,,0.07692307692307693,1.0,1.0,,0.3076923076923077,0.25,0.25,,,,,,,,,,0.8888888888888888,0.5,0.46697222222222223,7.68,,,,,,,1.0,,,1.0,1.0,,1.0,,,,,,,,,,1.0,,,1.5,,,,,,,,,,,,1.0,,,0.49695,1.0,,,1.0,1.0,,,,,,,2.0,,,,,,,,False,,,,,,
203507,1610612749,Giannis Antetokounmpo,Giannis Antetokounmpo,203507,MIL,62353.799999999996,1039,96.0,2123,2130,457,431,206,4253,14.0,44.0,15.0,45.0,232.0,993,2486,30.0,130.0,68.0,221,39.0,44.0,14.0,27.0,66.0,98.0,352.0,28.0,85.0,288.0,11.0,357.0,175.0,25.0,24.0,14.0,24.0,10.0,,217,451,19.0,0.8666666666666667,0.3333333333333333,0.3333333333333333,0.6362876254180602,0.6567460317460317,0.6190476190476191,0.6538461538461539,0.07525083612040134,36.62031184155078,0.15384615384615385,0.057692307692307696,0.10367892976588629,0.050505050505050504,0.05847953216374269,0.4166666666666667,0.07357859531772576,0.3181818181818182,0.3181818181818182,0.8571428571428571,0.745819397993311,0.3181818181818182,0.6177438860971523,0.2393980848153215,0.25510204081632654,0.1309164149043303,0.22255790533736153,26.355555555555554,0.21526142251530853,311.0,401.0,26.0,77.0,21.0,75.0,1.0,1.0,,3.0,12.0,358.0,553.0,3.0,12.0,340.0,376.0,6.0,,61.0,135.0,196.0,90.0,45.0,35.0,15.0,527.0,124.0,100.0,30.0,254.0,34.0,14.0,20.0,56.0,6.0,26.0,59.0,30.0,115.0,12.0,23.0,,10.0,0.4748603351955307,0.5263157894736842,0.25,0.6473779385171791,0.6270491803278688,,,0.48695652173913045,0.6,0.19305019305019305,0.24361493123772102,0.2181110029211295,0.21714285714285714,0.10909090909090909,0.21653543307086615,0.2727272727272727,0.23622047244094488,0.265625,0.6705685618729097,0.7755610972568578,0.8249336870026526,0.4855305466237942,0.12876254180602006,0.33766233766233766,0.3939393939393939,0.1254180602006689,0.28,0.28,0.2857142857142857,0.0016722408026755853,1.0,1.0,1.0,,0.09836065573770492,0.25,0.5922318181818181,4.434358047016274,47.0,67.0,61.0,74.0,,,1.0,50.0,81.0,,1.0,72.0,110.0,70.0,35.0,5.0,25.0,9.0,6.0,42.0,,,,0.6172839506172839,0.6545454545454545,0.6097560975609756,0.06329113924050633,0.14285714285714285,0.05102040816326531,0.14838709677419354,0.13297872340425532,0.8170731707317073,0.7014925373134329,0.1276595744680851,,,,0.012195121951219513,0.6065573770491803,0.8243243243243243,0.5786968253968254,,1.0,0.059850374064837904,,,11.0,7.0,20.0,,,,10.0,0.5,,,7.0,0.05555555555555555,,,False,,2.0,,,,2.0
1641748,1610612749,Andre Jackson Jr.,Andre Jackson Jr.,1641748,MIL,17384.8,290,-45.0,587,610,200,283,68,1197,7.0,26.0,11.0,44.0,16.0,75,665,4.0,16.0,12.0,30,30.0,26.0,7.0,10.0,8.0,19.0,53.0,16.0,32.0,17.0,5.0,18.0,5.0,4.0,2.0,1.0,2.0,,,30,200,4.0,0.9090909090909091,0.25,0.25,0.3782051282051282,0.43103448275862066,0.4444444444444444,0.625,0.5641025641025641,16.5424739195231,0.07142857142857142,0.057803468208092484,0.06315789473684211,0.0967741935483871,0.059322033898305086,,0.3333333333333333,0.2692307692307692,0.2692307692307692,0.8571428571428571,0.7948717948717948,0.2692307692307692,0.5420038461538462,0.060240963855421686,0.1282051282051282,0.21333333333333335,0.4,25.315909090909088,0.34071550255536626,11.0,18.0,2.0,11.0,,5.0,4.0,18.0,3.0,3.0,7.0,13.0,34.0,4.0,10.0,18.0,8.0,3.0,,12.0,22.0,34.0,17.0,5.0,9.0,2.0,90.0,21.0,9.0,4.0,34.0,14.0,8.0,6.0,12.0,8.0,9.0,12.0,3.0,24.0,3.0,7.0,1.0,1.0,0.6923076923076923,0.8181818181818182,0.4,0.38235294117647056,0.5,,,0.5,0.3076923076923077,0.08256880733944955,0.1590909090909091,0.12448132780082988,0.03571428571428571,0.06818181818181818,0.08,0.13333333333333333,0.16666666666666666,0.125,0.23076923076923078,0.6111111111111112,0.6875,0.6363636363636364,0.14102564102564102,0.18181818181818182,0.2222222222222222,0.0641025641025641,,,,0.23076923076923078,0.2222222222222222,0.2222222222222222,1.0,0.16666666666666666,0.3888888888888889,0.42857142857142855,0.5187083333333333,6.0205882352941185,3.0,6.0,3.0,6.0,,2.0,3.0,3.0,11.0,2.0,5.0,3.0,8.0,4.0,4.0,1.0,2.0,,2.0,,,,0.4,0.2727272727272727,0.375,0.375,0.11764705882352941,0.18181818181818182,0.07692307692307693,0.07547169811320754,0.04081632653061224,0.375,0.5,0.3333333333333333,0.125,,,0.1875,0.3333333333333333,0.5,0.4656785714285715,2.0,,0.1111111111111111,0.6666666666666666,1.0,1.0,1.0,,,,,5.0,1.0,,1.0,1.0,0.05454545454545454,0.3333333333333333,,False,,,,,,1.0
1630560,1610612749,Cam Thomas,Cam Thomas,1630560,MIL,17918.799999999996,299,-80.0,591,591,165,150,67,1182,11.0,40.0,14.0,51.0,46.0,192,762,9.0,20.0,14.0,59,18.0,40.0,11.0,,1.0,2.0,28.0,7.0,12.0,58.0,2.0,61.0,30.0,3.0,2.0,,2.0,1.0,,59,165,2.0,0.42857142857142855,0.27450980392156865,0.27450980392156865,0.477124183006536,0.5363128491620112,0.5263157894736842,0.5462962962962963,0.3333333333333333,30.688622754491018,0.007936507936507936,,0.003861003861003861,,,0.5,0.26143790849673204,0.275,0.275,0.2727272727272727,0.5424836601307189,0.275,0.5147604575163398,0.17613636363636365,0.24193548387096775,0.10416666666666667,0.3072916666666667,25.75294117647059,0.27918781725888325,23.0,32.0,18.0,38.0,11.0,32.0,3.0,11.0,1.0,3.0,17.0,52.0,102.0,3.0,18.0,30.0,74.0,24.0,,17.0,17.0,34.0,12.0,5.0,15.0,,85.0,18.0,7.0,1.0,26.0,5.0,3.0,2.0,14.0,3.0,7.0,12.0,7.0,26.0,2.0,8.0,1.0,2.0,0.28846153846153844,0.28846153846153844,0.16666666666666666,0.5098039215686274,0.5,,,0.5384615384615384,0.058823529411764705,0.0707070707070707,0.10285714285714286,0.09124087591240876,0.030303030303030304,0.1388888888888889,0.043478260869565216,,0.09375,0.1276595744680851,0.20915032679738563,0.71875,0.8214285714285714,0.391304347826087,0.24836601307189543,0.47368421052631576,0.5454545454545454,0.20915032679738563,0.34375,0.3548387096774194,,0.0718954248366013,0.2727272727272727,0.2727272727272727,1.0,0.022222222222222223,0.37777777777777777,0.17647058823529413,0.5187866666666666,9.270588235294118,2.0,2.0,9.0,12.0,,1.0,6.0,4.0,8.0,1.0,7.0,18.0,27.0,,10.0,1.0,,4.0,2.0,8.0,,,0.14285714285714285,0.5,0.6666666666666666,0.36666666666666664,0.09803921568627451,0.13157894736842105,0.07142857142857142,,,0.13333333333333333,1.0,0.5,0.06666666666666667,,,0.4,0.26666666666666666,0.75,0.5433681818181818,1.0,,0.125,0.16666666666666666,1.0,2.0,,1.0,,1.0,,,0.3333333333333333,0.019230769230769232,,1.0,,,,False,,,1.0,0.03125,,
1631250,1610612749,Pete Nance,Pete Nance,1631250,MIL,36699.2,612,-75.0,1214,1236,296,365,138,2450,24.0,65.0,44.0,105.0,3.0,223,1458,,31.0,,51,129.0,65.0,24.0,14.0,8.0,24.0,111.0,21.0,50.0,11.0,3.0,9.0,3.0,2.0,13.0,9.0,13.0,8.0,3.0,51,295,2.0,0.9772727272727273,0.41904761904761906,0.41904761904761906,0.650887573964497,0.6445086705202312,0.6739130434782609,0.7083333333333334,0.621301775147929,14.22319474835886,0.03292181069958848,0.04294478527607362,0.03866432337434095,0.039473684210526314,0.04918032786885246,0.6153846153846154,0.38461538461538464,0.36923076923076925,0.36923076923076925,0.9583333333333334,0.863905325443787,0.36923076923076925,0.5592026785714286,0.017543859649122806,0.045454545454545456,0.13901345291479822,0.22869955156950672,25.27428571428571,0.24382207578253706,35.0,41.0,9.0,21.0,,2.0,20.0,40.0,6.0,8.0,17.0,44.0,64.0,11.0,23.0,64.0,24.0,3.0,1.0,16.0,23.0,39.0,17.0,6.0,7.0,6.0,101.0,36.0,39.0,12.0,87.0,12.0,8.0,4.0,13.0,3.0,11.0,9.0,2.0,22.0,3.0,9.0,,4.0,0.7272727272727273,0.8648648648648649,0.4782608695652174,0.6875,0.75,0.009523809523809525,,0.5909090909090909,0.36363636363636365,0.15476190476190477,0.11501597444089456,0.13274336283185842,0.031746031746031744,0.13636363636363635,0.15384615384615385,0.19148936170212766,0.10655737704918032,0.14492753623188406,0.24260355029585798,0.8536585365853658,0.9459459459459459,0.7428571428571429,0.1242603550295858,0.42857142857142855,0.42857142857142855,0.011834319526627219,,,,0.23668639053254437,0.5,0.5128205128205128,1.0,0.17647058823529413,0.5,0.47058823529411764,0.5411911764705881,3.940625,10.0,12.0,8.0,8.0,1.0,2.0,7.0,11.0,14.0,3.0,9.0,9.0,11.0,14.0,4.0,2.0,1.0,1.0,,1.0,,,0.3333333333333333,0.7857142857142857,0.8181818181818182,0.6739130434782609,0.0625,,0.07142857142857142,0.028846153846153848,0.013333333333333334,0.5217391304347826,0.8333333333333334,0.2,0.08695652173913043,0.5,1.0,0.30434782608695654,0.23529411764705882,1.0,0.6007850000000001,2.0,1.0,0.0975609756097561,0.2857142857142857,1.0,3.0,4.0,3.0,,,,4.0,0.6666666666666666,,3.0,,0.024390243902439025,0.5,0.025,False,,,,,,
1630579,1610612749,Jericho Sims,Jericho Sims,1630579,MIL,68722.29999999999,1145,-267.0,2259,2303,470,577,261,4562,,,,,29.0,273,2809,10.0,46.0,12.0,48,,,,60.0,62.0,122.0,317.0,63.0,124.0,60.0,19.0,47.0,22.0,5.0,15.0,5.0,15.0,12.0,,48,470,5.0,,,,0.7922077922077922,0.7844827586206896,0.6571428571428571,0.7272727272727273,,9.364026531408506,0.12375249500998003,0.11090573012939002,0.11708253358925144,0.1111111111111111,0.1134020618556701,0.8,,,,,0.8701298701298701,,0.6665993506493505,0.1301775147928994,0.1301775147928994,0.1684981684981685,0.17582417582417584,,0.20805666223992916,113.0,134.0,9.0,20.0,,,,,,,,122.0,154.0,,,200.0,44.0,,,35.0,46.0,81.0,31.0,15.0,11.0,18.0,208.0,124.0,58.0,13.0,195.0,15.0,10.0,5.0,25.0,8.0,16.0,41.0,9.0,66.0,2.0,15.0,1.0,10.0,0.819672131147541,0.9174311926605505,,0.7922077922077922,0.6923076923076923,,,0.3787878787878788,0.20634920634920634,0.1309255079006772,0.20327868852459016,0.1728395061728395,0.11206896551724138,0.10909090909090909,0.1330049261083744,0.17333333333333334,0.20043103448275862,0.21232876712328766,0.8701298701298701,0.8432835820895522,0.9112903225806451,0.8141592920353983,0.12987012987012986,0.45,0.5625,,,,,,,,,,,,0.65635,2.205844155844156,16.0,25.0,18.0,24.0,,,,18.0,28.0,,,18.0,26.0,26.0,14.0,,2.0,3.0,2.0,7.0,,,,0.6428571428571429,0.6923076923076923,0.6428571428571429,0.09090909090909091,0.2,,0.13793103448275862,0.1111111111111111,0.8928571428571429,0.64,0.125,,,,,0.9230769230769231,0.75,0.5776666666666668,,1.0,0.07462686567164178,,,6.0,11.0,26.0,,,,10.0,0.8888888888888888,,,,0.10457516339869281,,,False,,1.0,,,,
203648,1610612749,Thanasis Antetokounmpo,Thanasis Antetokounmpo,203648,MIL,6111.5,102,16.0,205,221,112,127,30,426,,1.0,,3.0,13.0,33,192,1.0,3.0,7.0,23,,1.0,,5.0,4.0,9.0,21.0,4.0,12.0,13.0,,22.0,11.0,1.0,5.0,4.0,5.0,3.0,,23,112,,,,,0.47619047619047616,0.532258064516129,0.375,0.6764705882352942,0.14285714285714285,15.126050420168069,0.1,0.08196721311475409,0.0891089108910891,,0.0625,0.6,0.047619047619047616,,,,0.7619047619047619,,0.5945880952380952,0.36666666666666664,0.4074074074074074,0.09090909090909091,0.696969696969697,24.066666666666666,0.5463414634146342,8.0,13.0,2.0,5.0,,,,2.0,,,1.0,10.0,18.0,,1.0,12.0,8.0,,,2.0,6.0,8.0,4.0,2.0,1.0,1.0,22.0,6.0,4.0,2.0,12.0,10.0,7.0,3.0,3.0,,1.0,3.0,2.0,6.0,,4.0,1.0,1.0,0.6,0.6666666666666666,,0.5555555555555556,0.6153846153846154,,,0.5,0.6666666666666666,0.1,0.11764705882352941,0.10989010989010989,,,0.16666666666666666,0.16666666666666666,0.1111111111111111,0.16666666666666666,0.6190476190476191,0.6153846153846154,0.6666666666666666,0.625,0.23809523809523808,0.4,0.5,,,,,0.09523809523809523,,,,,0.07692307692307693,,0.5926115384615385,2.927777777777778,1.0,3.0,6.0,8.0,,,,1.0,3.0,,,8.0,12.0,2.0,2.0,,,1.0,1.0,2.0,,,,0.3333333333333333,0.6666666666666666,0.3333333333333333,0.1111111111111111,0.2,,0.18181818181818182,,1.0,0.3333333333333333,,,,,,0.6153846153846154,0.75,0.57825,,,0.07692307692307693,,,,,,,,,1.0,0.5,,,,0.15384615384615385,,,False,,,,,,
1630828,1610612749,Alex Antetokounmpo,Alex Antetokounmpo,1630828,MIL,414.0,7,,15,16,15,16,1,31,,1.0,,2.0,8.0,8,14,1.0,1.0,8.0,8,,1.0,,1.0,,1.0,3.0,,,5.0,,11.0,2.0,2.0,1.0,1.0,1.0,1.0,,8,15,2.0,,,,,0.5714285714285714,0.5,0.5714285714285714,1.0,43.75,,0.2,0.2,,0.5,1.0,0.5,,,,1.0,,0.5472,0.6,1.0,0.125,1.0,25.15,1.0,,,,,,,,1.0,1.0,,1.0,,,,2.0,,,,,,,,,,,,,2.0,,,2.0,,,,,,,,,,,,,,,,,,,,,,,,0.4,0.2222222222222222,,,,,0.5,,,,,,,,,,,,,0.5,,,,0.5,0.5,,0.5472,,,,,,,,,,,,,,,,,,,,,,,,,,,,,,,,,,,,,,,,,,,,,,,,,,,,1.0,,,,0.3333333333333333,,,,,,False,,,,,,
