EntityId,TeamId,Name,ShortName,RowId,TeamAbbreviation,SecondsPlayed,Minutes,PlusMinus,OffPoss,DefPoss,PenaltyOffPoss,PenaltyDefPoss,SecondChanceOffPoss,TotalPoss,AtRimFGM,AtRimFGA,SecondChanceAtRimFGM,SecondChanceAtRimFGA,PenaltyAtRimFGA,ShortMidRangeFGM,ShortMidRangeFGA,Corner3FGA,PenaltyCorner3FGA,Arc3FGM,Arc3FGA,SecondChanceArc3FGA,PenaltyArc3FGA,FG2M,FG2A,FG3M,FG3A,FtPoints,Points,OpponentPoints,SecondChanceFG2M,SecondChanceFG2A,SecondChanceFG3A,SecondChanceFtPoints,SecondChancePoints,PenaltyFG2M,PenaltyFG2A,PenaltyFG3A,PenaltyFtPoints,PenaltyPoints,PtsAssisted2s,PtsUnassisted2s,PtsAssisted3s,NonHeaveArc3FGA,NonHeaveArc3FGM,TwoPtAssists,ThreePtAssists,Assists,Arc3Assists,Corner3Assists,AtRimAssists,ShortMidRangeAssists,LongMidRangeAssists,AssistPoints,OffThreePtRebounds,OffTwoPtRebounds,DefThreePtRebounds,DefTwoPtRebounds,FTDefRebounds,DefRebounds,OffRebounds,Rebounds,Steals,BadPassSteals,LostBallSteals,BadPassOutOfBoundsTurnovers,DeadBallTurnovers,Turnovers,ShootingFouls,Fouls,FoulsDrawn,FTA,TwoPtShootingFoulsDrawn,NonShootingFoulsDrawn,Blocked2s,BlockedLongMidRange,Blocks,PenaltyPointsExcludingTakeFouls,PenaltyOffPossExcludingTakeFouls,Assisted2sPct,NonPutbacksAssisted2sPct,Assisted3sPct,Fg3Pct,NonHeaveFg3Pct,Fg2Pct,SecondChanceFg2Pct,PenaltyFg2Pct,EfgPct,SecondChanceEfgPct,PenaltyEfgPct,TsPct,SecondChanceTsPct,PenaltyTsPct,FG3APct,Usage,DefFTReboundPct,DefTwoPtReboundPct,OffTwoPtReboundPct,DefThreePtReboundPct,OffThreePtReboundPct,DefFGReboundPct,OffFGReboundPct,OffAtRimReboundPct,OffArc3ReboundPct,DefAtRimReboundPct,DefShortMidRangeReboundPct,DefLongMidRangeReboundPct,DefArc3ReboundPct,DefCorner3ReboundPct,AtRimFrequency,AtRimAccuracy,UnblockedAtRimAccuracy,AtRimPctAssisted,ShortMidRangeFrequency,ShortMidRangeAccuracy,UnblockedShortMidRangeAccuracy,ShortMidRangePctAssisted,Corner3Frequency,Arc3Frequency,Arc3Accuracy,UnblockedArc3Accuracy,Arc3PctAssisted,SecondChanceAtRimFrequency,SecondChanceAtRimAccuracy,SecondChanceAtRimPctAssisted,SecondChanceArc3Frequency,PenaltyAtRimFrequency,PenaltyCorner3Frequency,PenaltyArc3Frequency,AtRimFG3AFrequency,NonHeaveArc3Accuracy,ShotQualityAvg,SecondChanceShotQualityAvg,PenaltyShotQualityAvg,ShootingFoulsDrawnPct,TwoPtShootingFoulsDrawnPct,SecondChancePointsPct,PenaltyPointsPct,Avg2ptShotDistance,Avg3ptShotDistance,PenaltyOffPossPct,PenaltyAtRimFGM,LongMidRangeFGM,LongMidRangeFGA,Corner3FGM,SecondChanceCorner3FGM,SecondChanceCorner3FGA,PenaltyCorner3FGM,SecondChanceArc3FGM,PenaltyArc3FGM,SecondChanceFG3M,PenaltyFG3M,PtsUnassisted3s,PtsPutbacks,Fg2aBlocked,Fg3aBlocked,SelfOReb,LiveBallTurnovers,BadPassTurnovers,LostBallTurnovers,StepOutOfBoundsTurnovers,SecondChanceTurnovers,PenaltyTurnovers,Charge Fouls,Offensive Fouls Drawn,2pt And 1 Free Throw Trips,3pt And 1 Free Throw Trips,Technical Free Throw Trips,ThreePtShootingFoulsDrawn,BlockedAtRim,BlockedShortMidRange,RecoveredBlocks,NonShootingPenaltyNonTakeFouls,NonShootingPenaltyNonTakeFoulsDrawn,SecondChanceFg3Pct,PenaltyFg3Pct,FG3APctBlocked,FG2APctBlocked,AtRimPctBlocked,ShortMidRangePctBlocked,Corner3PctBlocked,Arc3PctBlocked,LiveBallTurnoverPct,OffShortMidRangeReboundPct,OffCorner3ReboundPct,SelfORebPct,BlocksRecoveredPct,LongMidRangeFrequency,LongMidRangeAccuracy,UnblockedLongMidRangeAccuracy,LongMidRangePctAssisted,Corner3Accuracy,UnblockedCorner3Accuracy,Corner3PctAssisted,SecondChanceCorner3Frequency,SecondChanceCorner3Accuracy,SecondChanceCorner3PctAssisted,SecondChanceArc3Accuracy,SecondChanceArc3PctAssisted,PenaltyAtRimAccuracy,PenaltyCorner3Accuracy,PenaltyArc3Accuracy,ThreePtShootingFoulsDrawnPct,FTOffRebounds,LostBallOutOfBoundsTurnovers,Travels,Loose Ball Fouls,Offensive Fouls,Charge Fouls Drawn,Loose Ball Fouls Drawn,Blocked3s,BlockedCorner3,DefensiveGoaltends,OffensiveGoaltends,Defensive 3 Seconds Violations,OffFTReboundPct,OffLongMidRangeReboundPct,HeaveAttempts,BlockedArc3,3SecondViolations,LongMidRangePctBlocked,Transition Take Fouls Drawn,on,Transition Take Fouls
1626153,1610612748,Delon Wright,Delon Wright,1626153,MIA,9234.0,154,15.0,293,297,71.0,39,36,590,7.0,14.0,1.0,3.0,2.0,3.0,12.0,3.0,1.0,4.0,10.0,1.0,1.0,10.0,26.0,4.0,13.0,7.0,39.0,327,1.0,3.0,1.0,1.0,3.0,1.0,7.0,2.0,3.0,5.0,14.0,6.0,12.0,10.0,4.0,11.0,10.0,21.0,4.0,6.0,7.0,3.0,1.0,52.0,2.0,2.0,3.0,9.0,1.0,13.0,4.0,17.0,9.0,4.0,5.0,1.0,1.0,1.0,2.0,4.0,11.0,10.0,4.0,1.0,1.0,1.0,1.0,3.0,70.0,0.7,0.7,1.0,0.3076923076923077,0.3076923076923077,0.38461538461538464,0.3333333333333333,0.14285714285714285,0.41025641025641024,0.25,0.1111111111111111,0.4431818181818182,0.3,0.22727272727272727,0.3333333333333333,13.47305389221557,0.16666666666666666,0.1323529411764706,0.025974025974025976,0.05,0.03125,0.09375,0.028368794326241134,0.06666666666666667,0.047619047619047616,0.0625,0.14634146341463414,0.18181818181818182,0.05,0.05,0.358974358974359,0.5,0.5,0.7142857142857143,0.3076923076923077,0.25,0.25,0.6666666666666666,0.07692307692307693,0.2564102564102564,0.4,0.4,1.0,0.75,0.3333333333333333,1.0,0.25,0.2222222222222222,0.1111111111111111,0.1111111111111111,0.6923076923076923,0.4,0.5148782051282051,0.45495,0.4536555555555556,0.09302325581395349,0.13333333333333333,0.07692307692307693,0.1282051282051282,4.511538461538461,25.92307692307693,0.24232081911262798,,,,,,,,,,,,,,,,,,,,,,,,,,,,,,,,,,,,,,,,,,,,,,,,,,,,,,,,,,,,,,,,,,,,,,,,,,,,,,,,,,True,
1626179,1610612748,Terry Rozier,Terry Rozier,1626179,MIA,25792.0,430,-12.0,840,839,210.0,220,98,1679,16.0,46.0,3.0,5.0,11.0,26.0,57.0,36.0,6.0,14.0,54.0,2.0,17.0,53.0,133.0,26.0,90.0,25.0,209.0,940,4.0,11.0,7.0,,14.0,12.0,30.0,23.0,13.0,58.0,22.0,84.0,45.0,54.0,14.0,37.0,29.0,66.0,17.0,12.0,14.0,19.0,4.0,161.0,4.0,8.0,34.0,13.0,1.0,48.0,12.0,60.0,10.0,4.0,6.0,5.0,8.0,20.0,12.0,24.0,33.0,29.0,8.0,4.0,4.0,,4.0,56.0,208.0,0.20754716981132076,0.21153846153846154,0.5769230769230769,0.28888888888888886,0.28888888888888886,0.39849624060150374,0.36363636363636365,0.4,0.4125560538116592,0.3888888888888889,0.42452830188679247,0.4444444444444444,0.3888888888888889,0.48333333333333334,0.40358744394618834,26.326742976066598,0.05555555555555555,0.07103825136612021,0.03292181069958848,0.17,0.02,0.1227154046997389,0.02708803611738149,0.024096385542168676,0.026785714285714284,0.04918032786885246,0.09090909090909091,0.058823529411764705,0.16417910447761194,0.18181818181818182,0.2062780269058296,0.34782608695652173,0.4444444444444444,0.1875,0.2556053811659193,0.45614035087719296,0.49056603773584906,0.23076923076923078,0.16143497757847533,0.242152466367713,0.25925925925925924,0.2692307692307692,0.42857142857142855,0.2777777777777778,0.6,0.3333333333333333,0.1111111111111111,0.20754716981132076,0.11320754716981132,0.32075471698113206,0.6098654708520179,0.25925925925925924,0.504593273542601,0.48553571428571424,0.4984962264150942,0.05217391304347826,0.057971014492753624,0.06698564593301436,0.27751196172248804,8.35112781954887,24.92,0.25,2.0,11.0,30.0,12.0,1.0,5.0,2.0,1.0,5.0,2.0,7.0,33.0,2.0,14.0,3.0,5.0,12.0,9.0,3.0,2.0,1.0,4.0,1.0,8.0,3.0,2.0,1.0,4.0,2.0,2.0,2.0,4.0,2.0,0.2857142857142857,0.30434782608695654,0.03333333333333333,0.10526315789473684,0.21739130434782608,0.07017543859649122,0.027777777777777776,0.037037037037037035,0.6,0.05263157894736842,0.011363636363636364,0.04,0.5,0.13452914798206278,0.36666666666666664,0.36666666666666664,0.18181818181818182,0.3333333333333333,0.34285714285714286,0.75,0.2777777777777778,0.2,1.0,0.5,1.0,0.18181818181818182,0.3333333333333333,0.29411764705882354,0.043478260869565216,,,,,,,,,,,,,,,,,,,,True,
1628389,1610612748,Bam Adebayo,Bam Adebayo,1628389,MIA,58500.0,975,-40.0,1900,1911,384.0,327,193,3811,92.0,132.0,23.0,35.0,21.0,100.0,204.0,5.0,,6.0,18.0,2.0,5.0,208.0,393.0,7.0,23.0,112.0,549.0,2153,32.0,57.0,2.0,22.0,86.0,35.0,65.0,5.0,30.0,109.0,232.0,184.0,21.0,18.0,6.0,58.0,48.0,106.0,38.0,10.0,31.0,24.0,3.0,260.0,22.0,44.0,106.0,100.0,16.0,222.0,67.0,289.0,36.0,23.0,13.0,6.0,31.0,59.0,35.0,63.0,140.0,152.0,69.0,14.0,19.0,,20.0,109.0,379.0,0.5576923076923077,0.6170212765957447,1.0,0.30434782608695654,0.30434782608695654,0.5292620865139949,0.5614035087719298,0.5384615384615384,0.5252403846153846,0.5423728813559322,0.5642857142857143,0.565979381443299,0.5972222222222222,0.592391304347826,0.055288461538461536,25.480994838104177,0.5161290322580645,0.228310502283105,0.08270676691729323,0.2203742203742204,0.056555269922879174,0.22415669205658323,0.07166123778501629,0.12258064516129032,0.06538461538461539,0.18604651162790697,0.25,0.23376623376623376,0.22922636103151864,0.19696969696969696,0.3173076923076923,0.696969696969697,0.7479674796747967,0.5869565217391305,0.49038461538461536,0.49019607843137253,0.5128205128205128,0.56,0.01201923076923077,0.04326923076923077,0.3333333333333333,0.3333333333333333,1.0,0.5932203389830508,0.6571428571428571,0.17391304347826086,0.03389830508474576,0.3,,0.07142857142857142,0.37259615384615385,0.3333333333333333,0.49421538461538445,0.5296166666666666,0.4756385714285714,0.1464968152866242,0.15401785714285715,0.15664845173041894,0.19854280510018216,7.505343511450378,25.717391304347824,0.20210526315789473,15.0,16.0,57.0,1.0,,,,,3.0,,3.0,,40.0,18.0,,5.0,28.0,9.0,19.0,,4.0,8.0,2.0,3.0,14.0,,,,6.0,13.0,9.0,2.0,13.0,,0.6,,0.04580152671755725,0.06818181818181818,0.04411764705882353,,,0.4745762711864407,0.07749077490774908,0.03875968992248062,0.028409090909090908,0.45,0.13701923076923078,0.2807017543859649,0.2807017543859649,0.375,0.2,0.2,1.0,,,,,,0.7142857142857143,,0.6,,1.0,2.0,6.0,2.0,12.0,1.0,17.0,1.0,1.0,6.0,2.0,3.0,0.02564102564102564,0.03773584905660377,,,,,,True,
1628997,1610612748,Caleb Martin,Caleb Martin,1628997,MIA,105390.0,1756,66.0,3445,3463,793.0,677,390,6908,92.0,157.0,18.0,34.0,35.0,47.0,111.0,94.0,18.0,48.0,138.0,15.0,27.0,160.0,327.0,81.0,232.0,77.0,640.0,3920,24.0,48.0,21.0,5.0,86.0,37.0,71.0,45.0,21.0,128.0,186.0,134.0,225.0,136.0,48.0,70.0,73.0,143.0,45.0,28.0,41.0,21.0,8.0,359.0,33.0,39.0,121.0,81.0,5.0,207.0,74.0,281.0,47.0,33.0,14.0,13.0,39.0,77.0,58.0,126.0,108.0,99.0,49.0,6.0,26.0,,29.0,127.0,784.0,0.58125,0.6326530612244898,0.9259259259259259,0.34913793103448276,0.3521739130434783,0.4892966360856269,0.5,0.5211267605633803,0.5035778175313059,0.5869565217391305,0.46120689655172414,0.5333333333333333,0.5972222222222222,0.5079365079365079,0.4150268336314848,17.341188524590166,0.07246376811594203,0.10492227979274611,0.04216216216216216,0.13988439306358383,0.04576976421636616,0.12339645693341478,0.04374240583232078,0.06422018348623854,0.038539553752535496,0.10687022900763359,0.09308510638297872,0.13432835820895522,0.14,0.13962264150943396,0.2808586762075134,0.5859872611464968,0.6388888888888888,0.6521739130434783,0.19856887298747763,0.42342342342342343,0.5340909090909091,0.46808510638297873,0.16815742397137745,0.24686940966010734,0.34782608695652173,0.35555555555555557,0.8958333333333334,0.4927536231884058,0.5294117647058824,0.3333333333333333,0.21739130434782608,0.3017241379310345,0.15517241379310345,0.23275862068965517,0.6958855098389982,0.35294117647058826,0.5290785071942447,0.5193544444444445,0.5292274336283186,0.08417508417508418,0.13535911602209943,0.134375,0.2,6.863302752293579,25.226724137931033,0.23018867924528302,20.0,21.0,59.0,33.0,2.0,6.0,3.0,9.0,8.0,11.0,11.0,18.0,26.0,37.0,3.0,23.0,38.0,23.0,15.0,2.0,9.0,15.0,2.0,12.0,14.0,1.0,,1.0,17.0,9.0,14.0,11.0,5.0,0.5238095238095238,0.24444444444444444,0.01293103448275862,0.11314984709480122,0.08280254777070063,0.2072072072072072,,0.021739130434782608,0.4935064935064935,0.034013605442176874,0.06140350877192982,0.08363636363636363,0.4827586206896552,0.10554561717352415,0.3559322033898305,0.3620689655172414,0.5238095238095238,0.35106382978723405,0.35106382978723405,0.9696969696969697,0.08695652173913043,0.3333333333333333,0.5,0.6,1.0,0.5714285714285714,0.16666666666666666,0.2962962962962963,0.004310344827586207,2.0,6.0,9.0,15.0,5.0,9.0,4.0,3.0,2.0,,,3.0,0.027777777777777776,0.01910828025477707,2.0,1.0,1.0,0.01694915254237288,,True,
1629130,1610612748,Duncan Robinson,Duncan Robinson,1629130,MIA,43456.0,724,3.0,1426,1418,300.0,213,160,2844,28.0,41.0,4.0,5.0,5.0,20.0,41.0,46.0,11.0,51.0,125.0,11.0,24.0,48.0,86.0,75.0,171.0,32.0,353.0,1632,6.0,7.0,18.0,,24.0,8.0,11.0,35.0,13.0,77.0,68.0,28.0,213.0,123.0,51.0,56.0,22.0,78.0,17.0,5.0,33.0,20.0,3.0,178.0,,8.0,37.0,19.0,5.0,61.0,8.0,69.0,19.0,13.0,6.0,6.0,15.0,41.0,33.0,65.0,33.0,35.0,7.0,6.0,3.0,,6.0,73.0,294.0,0.7083333333333334,0.7391304347826086,0.9466666666666667,0.43859649122807015,0.4437869822485207,0.5581395348837209,0.8571428571428571,0.7272727272727273,0.6245136186770428,0.48,0.6956521739130435,0.65,0.48,0.7264150943396226,0.6653696498054474,19.245049504950494,0.15625,0.06031746031746032,0.02056555269922879,0.10755813953488372,,0.08497723823975721,0.011764705882352941,0.02158273381294964,,0.0761904761904762,0.052980132450331126,0.05084745762711865,0.112,0.09574468085106383,0.15953307392996108,0.6829268292682927,0.7368421052631579,0.7857142857142857,0.15953307392996108,0.4878048780487805,0.5714285714285714,0.6,0.17898832684824903,0.48638132295719844,0.408,0.4112903225806452,0.9215686274509803,0.2,0.8,,0.44,0.10869565217391304,0.2391304347826087,0.5217391304347826,0.8249027237354085,0.4146341463414634,0.5331305118110233,0.5416190476190476,0.5326159090909092,0.03787878787878788,0.07692307692307693,0.0679886685552408,0.21813031161473087,5.249999999999999,25.778947368421058,0.21037868162692847,5.0,,4.0,24.0,1.0,7.0,7.0,3.0,9.0,4.0,16.0,12.0,4.0,9.0,2.0,4.0,26.0,23.0,3.0,,1.0,8.0,2.0,3.0,2.0,1.0,2.0,3.0,1.0,2.0,3.0,1.0,4.0,0.2222222222222222,0.45714285714285713,0.011695906432748537,0.10465116279069768,0.07317073170731707,0.14634146341463414,0.021739130434782608,0.008,0.6341463414634146,0.021052631578947368,,0.03361344537815126,0.5,0.01556420233463035,,,,0.5217391304347826,0.5333333333333333,1.0,0.28,0.14285714285714285,1.0,0.2727272727272727,1.0,1.0,0.6363636363636364,0.375,0.017341040462427744,,2.0,2.0,,3.0,2.0,1.0,3.0,1.0,,,1.0,,0.016666666666666666,2.0,2.0,,,,True,
1629312,1610612748,Haywood Highsmith,Haywood Highsmith,1629312,MIA,22155.0,369,-83.0,713,723,190.0,136,91,1436,20.0,28.0,5.0,8.0,9.0,5.0,10.0,22.0,3.0,9.0,22.0,1.0,5.0,26.0,40.0,23.0,44.0,5.0,126.0,831,6.0,10.0,3.0,,15.0,7.0,12.0,8.0,2.0,25.0,26.0,26.0,69.0,22.0,9.0,13.0,9.0,22.0,7.0,2.0,6.0,5.0,2.0,53.0,12.0,15.0,28.0,18.0,1.0,47.0,27.0,74.0,14.0,8.0,6.0,,1.0,2.0,14.0,26.0,11.0,9.0,3.0,1.0,7.0,1.0,7.0,25.0,190.0,0.5,0.6190476190476191,1.0,0.5227272727272727,0.5227272727272727,0.65,0.6,0.5833333333333334,0.7202380952380952,0.5769230769230769,0.575,0.7241379310344828,0.5769230769230769,0.5952380952380952,0.5238095238095238,10.906862745098039,0.05555555555555555,0.11042944785276074,0.07936507936507936,0.16184971098265896,0.06976744186046512,0.13690476190476192,0.07479224376731301,0.04411764705882353,0.07627118644067797,0.08695652173913043,0.11594202898550725,0.16,0.0990990990990991,0.27419354838709675,0.3333333333333333,0.7142857142857143,0.7407407407407407,0.55,0.11904761904761904,0.5,0.625,0.4,0.2619047619047619,0.2619047619047619,0.4090909090909091,0.42857142857142855,1.0,0.6153846153846154,0.625,,0.07692307692307693,0.45,0.15,0.25,0.8571428571428571,0.4090909090909091,0.5621232142857142,0.5460409090909091,0.56444,0.046511627906976744,0.07317073170731707,0.11904761904761904,0.1984126984126984,3.905,25.068181818181824,0.2664796633941094,7.0,1.0,2.0,14.0,1.0,2.0,1.0,,2.0,1.0,3.0,,10.0,3.0,1.0,,1.0,,1.0,,1.0,1.0,,2.0,2.0,,,1.0,4.0,2.0,5.0,1.0,1.0,0.3333333333333333,0.375,0.022727272727272728,0.075,0.03571428571428571,0.2,,0.045454545454545456,0.5,0.1,0.05555555555555555,,0.7142857142857143,0.023809523809523808,0.5,0.5,,0.6363636363636364,0.6363636363636364,1.0,0.15384615384615385,0.5,1.0,,,0.7777777777777778,0.3333333333333333,0.4,0.022222222222222223,,,,3.0,1.0,,,,,,,,,0.0967741935483871,,,,,,True,
1631107,1610612748,Nikola Jovic,Nikola Jovic,1631107,MIA,18945.0,316,45.0,625,615,151.0,60,59,1240,13.0,29.0,2.0,9.0,6.0,10.0,17.0,17.0,5.0,15.0,39.0,1.0,11.0,24.0,47.0,22.0,56.0,15.0,129.0,698,2.0,9.0,1.0,,4.0,3.0,7.0,16.0,8.0,26.0,32.0,16.0,57.0,38.0,15.0,19.0,12.0,31.0,8.0,4.0,15.0,2.0,2.0,74.0,4.0,7.0,30.0,27.0,2.0,59.0,11.0,70.0,8.0,5.0,3.0,3.0,7.0,16.0,12.0,30.0,19.0,17.0,8.0,,4.0,,4.0,26.0,151.0,0.6666666666666666,0.7272727272727273,0.8636363636363636,0.39285714285714285,0.4,0.5106382978723404,0.2222222222222222,0.42857142857142855,0.5533980582524272,0.2,0.391304347826087,0.5863636363636363,0.2,0.48148148148148145,0.5436893203883495,18.103448275862068,0.4,0.19285714285714287,0.046052631578947366,0.17751479289940827,0.028985507246376812,0.18446601941747573,0.03793103448275862,0.09375,0.021052631578947368,0.20967741935483872,0.1568627450980392,0.2222222222222222,0.1623931623931624,0.21153846153846154,0.2815533980582524,0.4482758620689655,0.5,0.6923076923076923,0.1650485436893204,0.5882352941176471,0.625,0.6,0.1650485436893204,0.3786407766990291,0.38461538461538464,0.38461538461538464,0.8666666666666667,0.9,0.2222222222222222,,0.1,0.2608695652173913,0.21739130434782608,0.4782608695652174,0.8252427184466019,0.39473684210526316,0.5598240196078431,0.6009166666666667,0.5562886363636363,0.08181818181818182,0.1509433962264151,0.031007751937984496,0.20155038759689922,3.578723404255319,25.619642857142857,0.2416,2.0,1.0,1.0,7.0,,,2.0,,2.0,,4.0,9.0,4.0,4.0,,5.0,9.0,6.0,3.0,,1.0,3.0,1.0,3.0,2.0,,,1.0,3.0,1.0,3.0,1.0,,,0.25,,0.0851063829787234,0.10344827586206896,0.058823529411764705,,,0.5625,0.016666666666666666,0.046511627906976744,0.09615384615384616,0.75,0.009708737864077669,1.0,1.0,1.0,0.4117647058823529,0.4117647058823529,0.8571428571428571,,,,,,0.3333333333333333,0.4,0.18181818181818182,0.017543859649122806,,1.0,,6.0,2.0,,,,,,,,,,1.0,,,,1.0,True,
1631170,1610612748,Jaime Jaquez Jr.,Jaime Jaquez Jr.,1631170,MIA,58429.0,974,132.0,1902,1921,433.0,374,220,3823,72.0,110.0,7.0,10.0,23.0,54.0,110.0,41.0,7.0,12.0,45.0,6.0,19.0,129.0,234.0,23.0,86.0,59.0,386.0,2144,14.0,22.0,8.0,8.0,36.0,34.0,59.0,26.0,14.0,97.0,128.0,130.0,66.0,43.0,12.0,56.0,42.0,98.0,26.0,16.0,40.0,12.0,4.0,238.0,16.0,18.0,60.0,38.0,7.0,105.0,35.0,140.0,34.0,24.0,10.0,10.0,18.0,43.0,42.0,72.0,58.0,73.0,37.0,4.0,9.0,,9.0,95.0,427.0,0.49612403100775193,0.512,0.9565217391304348,0.26744186046511625,0.27380952380952384,0.5512820512820513,0.6363636363636364,0.576271186440678,0.5109375,0.4666666666666667,0.48823529411764705,0.546742209631728,0.5294117647058824,0.532967032967033,0.26875,18.312471024571163,0.20588235294117646,0.08837209302325581,0.03557312252964427,0.11605415860735009,0.04177545691906005,0.10348468848996832,0.03824521934758155,0.05232558139534884,0.03663003663003663,0.10638297872340426,0.08755760368663594,0.05555555555555555,0.13259668508287292,0.07741935483870968,0.34375,0.6545454545454545,0.782608695652174,0.5694444444444444,0.34375,0.4909090909090909,0.5934065934065934,0.37037037037037035,0.128125,0.140625,0.26666666666666666,0.26666666666666666,0.9166666666666666,0.3333333333333333,0.7,0.42857142857142855,0.2,0.27058823529411763,0.08235294117647059,0.2235294117647059,0.6125,0.27906976744186046,0.5213441640378549,0.49433499999999997,0.4955804878048781,0.10601719197707736,0.14068441064638784,0.09326424870466321,0.25129533678756477,5.404700854700856,25.52790697674418,0.22765509989484753,19.0,3.0,14.0,11.0,,2.0,1.0,,4.0,,5.0,3.0,8.0,37.0,,7.0,25.0,17.0,8.0,1.0,3.0,9.0,1.0,2.0,8.0,,,,4.0,5.0,8.0,2.0,2.0,,0.19230769230769232,,0.1581196581196581,0.16363636363636364,0.17272727272727273,,,0.5813953488372093,0.028688524590163935,0.05454545454545454,0.05555555555555555,0.8888888888888888,0.04375,0.21428571428571427,0.21428571428571427,1.0,0.2682926829268293,0.2682926829268293,1.0,0.06666666666666667,,,,,0.8260869565217391,0.14285714285714285,0.21052631578947367,,1.0,1.0,2.0,2.0,3.0,,1.0,,,,,1.0,0.024390243902439025,0.022222222222222223,2.0,,,,1.0,True,
202710,1610612748,Jimmy Butler,Jimmy Butler,202710,MIA,51213.0,854,107.0,1676,1682,428.0,423,191,3358,78.0,131.0,15.0,27.0,34.0,59.0,121.0,30.0,9.0,10.0,23.0,3.0,10.0,149.0,278.0,21.0,53.0,173.0,534.0,1917,22.0,38.0,9.0,14.0,61.0,41.0,76.0,19.0,55.0,149.0,122.0,176.0,51.0,23.0,10.0,56.0,72.0,128.0,37.0,35.0,29.0,21.0,6.0,328.0,15.0,30.0,43.0,51.0,,94.0,45.0,139.0,32.0,16.0,16.0,9.0,18.0,40.0,13.0,31.0,139.0,205.0,94.0,13.0,1.0,,3.0,145.0,422.0,0.40939597315436244,0.44525547445255476,0.8095238095238095,0.39622641509433965,0.39622641509433965,0.5359712230215827,0.5789473684210527,0.5394736842105263,0.5453172205438066,0.5,0.49473684210526314,0.6252983293556086,0.5545454545454546,0.5833333333333334,0.16012084592145015,24.105263157894736,,0.13421052631578947,0.07211538461538461,0.1075,0.042735042735042736,0.12051282051282051,0.05867014341590613,0.08484848484848485,0.022123893805309734,0.10738255033557047,0.1511627906976744,0.15254237288135594,0.10037174721189591,0.12213740458015267,0.3957703927492447,0.5954198473282443,0.6610169491525424,0.5,0.36555891238670696,0.48760330578512395,0.5619047619047619,0.2542372881355932,0.09063444108761329,0.06948640483383686,0.43478260869565216,0.43478260869565216,0.6,0.574468085106383,0.5555555555555556,0.13333333333333333,0.06382978723404255,0.35789473684210527,0.09473684210526316,0.10526315789473684,0.5558912386706949,0.43478260869565216,0.5052558912386708,0.5114426470588236,0.48117263157894735,0.2315270935960591,0.26628895184135976,0.11423220973782772,0.27902621722846443,6.149280575539566,24.543396226415098,0.2553699284009546,21.0,12.0,26.0,11.0,1.0,6.0,1.0,,3.0,1.0,4.0,12.0,24.0,29.0,1.0,9.0,22.0,15.0,7.0,1.0,3.0,10.0,1.0,,19.0,,11.0,,,1.0,1.0,3.0,10.0,0.1111111111111111,0.21052631578947367,0.018867924528301886,0.10431654676258993,0.09923664122137404,0.1322314049586777,0.03333333333333333,,0.55,0.07179487179487179,0.08,0.07317073170731707,0.3333333333333333,0.07854984894259819,0.46153846153846156,0.46153846153846156,0.5833333333333334,0.36666666666666664,0.3793103448275862,1.0,0.1276595744680851,0.16666666666666666,1.0,,,0.6176470588235294,0.1111111111111111,0.3,,,,2.0,4.0,4.0,1.0,7.0,2.0,1.0,,,,,0.03571428571428571,,1.0,,,,True,
1628418,1610612748,Thomas Bryant,Thomas Bryant,1628418,MIA,10524.0,175,,338,336,62.0,46,43,674,23.0,35.0,8.0,12.0,5.0,9.0,14.0,6.0,,1.0,7.0,1.0,,33.0,53.0,3.0,13.0,16.0,91.0,401,8.0,14.0,1.0,6.0,22.0,2.0,6.0,,5.0,9.0,44.0,22.0,9.0,7.0,1.0,8.0,4.0,12.0,1.0,3.0,3.0,3.0,2.0,28.0,3.0,15.0,14.0,13.0,4.0,31.0,18.0,49.0,2.0,2.0,,,4.0,4.0,12.0,16.0,13.0,17.0,9.0,1.0,7.0,,8.0,9.0,62.0,0.6666666666666666,0.8461538461538461,1.0,0.23076923076923078,0.23076923076923078,0.6226415094339622,0.5714285714285714,0.3333333333333333,0.5681818181818182,0.5333333333333333,0.3333333333333333,0.6232876712328768,0.6470588235294118,0.5625,0.19696969696969696,19.896640826873384,0.4,0.20967741935483872,0.15463917525773196,0.16091954022988506,0.04411764705882353,0.18120805369127516,0.10909090909090909,0.21052631578947367,0.0425531914893617,0.15789473684210525,0.25,0.2,0.1724137931034483,0.13793103448275862,0.5303030303030303,0.6571428571428571,0.71875,0.6086956521739131,0.21212121212121213,0.6428571428571429,0.8181818181818182,0.8888888888888888,0.09090909090909091,0.10606060606060606,0.14285714285714285,0.14285714285714285,1.0,0.8,0.6666666666666666,,0.06666666666666667,0.8333333333333334,,,0.7272727272727273,0.14285714285714285,0.5691257575757576,0.577476923076923,0.6429666666666667,0.125,0.15254237288135594,0.24175824175824176,0.0989010989010989,4.164150943396226,24.915384615384617,0.1834319526627219,2.0,1.0,4.0,2.0,,,,,,,,,14.0,6.0,,3.0,,,,,,,,,3.0,,,,5.0,2.0,6.0,,1.0,,,,0.11320754716981132,0.08571428571428572,0.21428571428571427,,,,0.14583333333333334,0.047619047619047616,0.13043478260869565,0.75,0.06060606060606061,0.25,0.25,,0.3333333333333333,0.3333333333333333,1.0,,,,,,0.4,,,,,1.0,,2.0,1.0,,3.0,1.0,,,,2.0,,,,1.0,2.0,,,True,
1631115,1610612748,Orlando Robinson,Orlando Robinson,1631115,MIA,11657.0,194,22.0,381,380,46.0,40,49,761,15.0,23.0,6.0,9.0,2.0,4.0,13.0,3.0,,4.0,8.0,,,19.0,37.0,7.0,11.0,7.0,66.0,429,6.0,10.0,,3.0,15.0,3.0,3.0,,,6.0,20.0,18.0,21.0,8.0,4.0,8.0,10.0,18.0,8.0,2.0,4.0,3.0,1.0,46.0,3.0,17.0,11.0,20.0,1.0,32.0,20.0,52.0,4.0,2.0,2.0,4.0,9.0,12.0,14.0,21.0,15.0,11.0,7.0,,6.0,,6.0,6.0,46.0,0.5263157894736842,0.7692307692307693,1.0,0.6363636363636364,0.6363636363636364,0.5135135135135135,0.6,1.0,0.6145833333333334,0.6,1.0,0.6346153846153846,0.625,1.0,0.22916666666666666,14.611872146118722,0.1,0.21052631578947367,0.1650485436893204,0.1375,0.04285714285714286,0.17714285714285713,0.11560693641618497,0.16279069767441862,0.018518518518518517,0.2682926829268293,0.12195121951219512,0.3076923076923077,0.16363636363636364,0.08,0.4791666666666667,0.6521739130434783,0.6818181818181818,0.4666666666666667,0.2708333333333333,0.3076923076923077,0.36363636363636365,0.75,0.0625,0.16666666666666666,0.5,0.5,1.0,0.9,0.6666666666666666,,,0.6666666666666666,,,0.7083333333333334,0.5,0.5238864583333335,0.5321333333333332,0.6247333333333334,0.1346153846153846,0.17073170731707318,0.22727272727272727,0.09090909090909091,4.2405405405405405,25.563636363636363,0.12073490813648294,2.0,,1.0,3.0,,,,,,,,,12.0,4.0,,2.0,3.0,2.0,1.0,,1.0,2.0,,,3.0,,,,6.0,,5.0,,,,,,0.10810810810810811,0.043478260869565216,0.15384615384615385,,,0.25,0.16666666666666666,0.125,0.1111111111111111,0.8333333333333334,0.020833333333333332,,,,1.0,1.0,1.0,,,,,,1.0,,,,,,,,4.0,,5.0,,,,,,,0.16666666666666666,,,1.0,1.0,,True,
1631306,1610612748,Cole Swider,Cole Swider,1631306,MIA,1783.0,30,-7.0,59,59,15.0,7,8,118,,,,,,1.0,1.0,,,3.0,9.0,,3.0,1.0,2.0,3.0,9.0,,11.0,68,,,,,,1.0,1.0,3.0,,5.0,2.0,,9.0,9.0,3.0,3.0,,3.0,,,1.0,,2.0,6.0,,,,1.0,,1.0,,1.0,1.0,,1.0,,,1.0,1.0,1.0,,,,,1.0,,1.0,5.0,15.0,1.0,1.0,1.0,0.3333333333333333,0.3333333333333333,0.5,,1.0,0.5,,0.625,0.5,,0.625,0.8181818181818182,17.64705882352941,,0.07692307692307693,,,,0.038461538461538464,,,,,0.16666666666666666,,,,,,,,0.09090909090909091,1.0,1.0,1.0,,0.8181818181818182,0.3333333333333333,0.3333333333333333,1.0,,,,,,,0.75,0.8181818181818182,0.3333333333333333,0.49361818181818184,,0.45716249999999997,,,,0.45454545454545453,15.45,26.98888888888889,0.2542372881355932,,,1.0,,,,,,1.0,,1.0,,,,,,1.0,1.0,,,,,,,,,,,1.0,,1.0,,,,0.3333333333333333,,,,,,,1.0,,,,1.0,0.09090909090909091,,,,,,,,,,,,,,0.3333333333333333,,,,,,,,,,,,,,,,,,,,,True,
201988,1610612748,Patty Mills,Patty Mills,201988,MIA,6865.0,114,17.0,221,225,51.0,27,29,446,2.0,2.0,,,,,4.0,7.0,1.0,5.0,22.0,1.0,3.0,7.0,13.0,6.0,29.0,4.0,36.0,234,,,2.0,,,2.0,3.0,4.0,3.0,7.0,8.0,6.0,18.0,22.0,5.0,6.0,4.0,10.0,3.0,1.0,2.0,4.0,,24.0,2.0,,5.0,3.0,,8.0,2.0,10.0,5.0,2.0,3.0,1.0,2.0,5.0,2.0,10.0,7.0,4.0,1.0,1.0,,,,7.0,51.0,0.5714285714285714,0.5714285714285714,1.0,0.20689655172413793,0.20689655172413793,0.5384615384615384,,0.6666666666666666,0.38095238095238093,,0.2857142857142857,0.3977272727272727,,0.375,0.6904761904761905,18.6046511627907,,0.07692307692307693,,0.08196721311475409,0.038461538461538464,0.08,0.017094017094017096,,0.03333333333333333,0.18181818181818182,,0.14285714285714285,0.10526315789473684,0.043478260869565216,0.047619047619047616,1.0,1.0,0.5,0.09523809523809523,,,,0.16666666666666666,0.5238095238095238,0.22727272727272727,0.23809523809523808,1.0,,,,0.5,,0.14285714285714285,0.42857142857142855,0.7380952380952381,0.22727272727272727,0.5160190476190477,0.46485,0.47685714285714287,0.023255813953488372,0.07142857142857142,,0.19444444444444445,11.200000000000001,25.027586206896554,0.23076923076923078,,5.0,7.0,1.0,,1.0,,,,,,,,1.0,1.0,1.0,3.0,2.0,1.0,,1.0,,,2.0,,,1.0,,,,,1.0,,,,0.034482758620689655,0.07692307692307693,,,,0.045454545454545456,0.6,,0.045454545454545456,0.037037037037037035,,0.16666666666666666,0.7142857142857143,0.8333333333333334,0.6,0.14285714285714285,0.14285714285714285,1.0,0.5,,,,,,,,,,,,1.0,1.0,1.0,,,,,,,,,,,,0.14285714285714285,,True,
1629639,1610612748,Tyler Herro,Tyler Herro,1629639,MIA,34551.0,576,38.0,1136,1139,234.0,167,113,2275,16.0,32.0,1.0,2.0,10.0,45.0,93.0,19.0,1.0,43.0,115.0,9.0,22.0,72.0,155.0,54.0,134.0,38.0,344.0,1271,8.0,12.0,9.0,,28.0,24.0,41.0,23.0,10.0,88.0,64.0,80.0,129.0,114.0,43.0,42.0,24.0,66.0,16.0,8.0,19.0,20.0,3.0,156.0,3.0,5.0,41.0,36.0,2.0,79.0,8.0,87.0,4.0,3.0,1.0,8.0,14.0,35.0,18.0,29.0,37.0,44.0,17.0,2.0,2.0,,2.0,88.0,232.0,0.4444444444444444,0.4507042253521127,0.7962962962962963,0.40298507462686567,0.40601503759398494,0.4645161290322581,0.6666666666666666,0.5853658536585366,0.5294117647058824,0.6666666666666666,0.609375,0.5586319218241043,0.6666666666666666,0.6470588235294118,0.46366782006920415,26.84458398744113,0.11764705882352941,0.13043478260869565,0.01567398119122257,0.1362126245847176,0.013513513513513514,0.13344887348353554,0.014787430683918669,0.01904761904761905,0.018633540372670808,0.06521739130434782,0.18705035971223022,0.08888888888888889,0.14678899082568808,0.10843373493975904,0.11072664359861592,0.5,0.5333333333333333,0.625,0.3217993079584775,0.4838709677419355,0.5357142857142857,0.4,0.0657439446366782,0.39792387543252594,0.3739130434782609,0.3739130434782609,0.7441860465116279,0.09523809523809523,0.5,,0.42857142857142855,0.15625,0.015625,0.34375,0.5743944636678201,0.37719298245614036,0.49852621527777763,0.4865153846153846,0.4696749999999999,0.06229508196721312,0.10059171597633136,0.08139534883720931,0.2558139534883721,9.23290322580645,26.05597014925372,0.20598591549295775,5.0,11.0,30.0,11.0,,,,4.0,10.0,4.0,10.0,33.0,2.0,12.0,,3.0,21.0,15.0,6.0,1.0,2.0,7.0,1.0,,3.0,,3.0,2.0,1.0,1.0,2.0,,2.0,0.4444444444444444,0.43478260869565216,,0.07741935483870968,0.0625,0.0967741935483871,,,0.6,0.01282051282051282,,0.02054794520547945,1.0,0.10380622837370242,0.36666666666666664,0.3793103448275862,0.36363636363636365,0.5789473684210527,0.5789473684210527,1.0,,,,0.4444444444444444,0.75,0.5,,0.45454545454545453,0.014705882352941176,,1.0,2.0,1.0,1.0,,,,,1.0,,,,0.017241379310344827,1.0,,,0.03333333333333333,,True,
201567,1610612748,Kevin Love,Kevin Love,201567,MIA,21702.0,362,88.0,722,740,253.0,249,95,1462,15.0,22.0,6.0,9.0,8.0,8.0,17.0,16.0,5.0,33.0,80.0,7.0,17.0,24.0,41.0,39.0,96.0,30.0,195.0,791,10.0,16.0,11.0,8.0,43.0,9.0,15.0,22.0,17.0,59.0,28.0,20.0,117.0,79.0,33.0,40.0,8.0,48.0,5.0,3.0,26.0,14.0,,104.0,7.0,15.0,54.0,47.0,9.0,110.0,23.0,133.0,8.0,4.0,4.0,1.0,4.0,22.0,24.0,39.0,33.0,36.0,12.0,5.0,3.0,,3.0,57.0,251.0,0.5833333333333334,0.7368421052631579,1.0,0.40625,0.4105263157894737,0.5853658536585366,0.625,0.6,0.6021897810218978,0.6481481481481481,0.5675675675675675,0.6372549019607843,0.6935483870967742,0.6276595744680851,0.7007299270072993,21.135265700483092,0.5,0.27976190476190477,0.08241758241758242,0.29508196721311475,0.04375,0.28774928774928776,0.06432748538011696,0.08695652173913043,0.035398230088495575,0.2711864406779661,0.25,0.4,0.2796610169491525,0.3230769230769231,0.16058394160583941,0.6818181818181818,0.7142857142857143,0.6,0.12408759124087591,0.47058823529411764,0.5333333333333333,0.5,0.11678832116788321,0.583941605839416,0.4125,0.4230769230769231,1.0,0.3333333333333333,0.6666666666666666,0.16666666666666666,0.25925925925925924,0.21621621621621623,0.13513513513513514,0.4594594594594595,0.8613138686131386,0.4177215189873418,0.5358922794117646,0.5099,0.5300541666666665,0.0945945945945946,0.23529411764705882,0.2205128205128205,0.30256410256410254,4.639024390243902,26.27604166666666,0.35041551246537395,6.0,1.0,2.0,6.0,2.0,4.0,1.0,3.0,7.0,5.0,8.0,,10.0,3.0,2.0,1.0,18.0,13.0,5.0,1.0,2.0,10.0,,1.0,2.0,1.0,,2.0,2.0,1.0,2.0,2.0,4.0,0.45454545454545453,0.36363636363636365,0.020833333333333332,0.07317073170731707,0.045454545454545456,0.11764705882352941,,0.025,0.8181818181818182,0.06741573033707865,0.06382978723404255,0.014705882352941176,0.6666666666666666,0.014598540145985401,0.5,0.5,1.0,0.375,0.375,1.0,0.14814814814814814,0.5,1.0,0.42857142857142855,1.0,0.75,0.2,0.4117647058823529,0.020618556701030927,1.0,,,3.0,1.0,3.0,5.0,,,,,,0.058823529411764705,0.125,1.0,,,,,True,
1626196,1610612748,Josh Richardson,Josh Richardson,1626196,MIA,24978.0,416,-55.0,835,847,201.0,223,89,1682,14.0,26.0,3.0,5.0,5.0,18.0,29.0,17.0,3.0,16.0,55.0,4.0,15.0,41.0,71.0,22.0,72.0,21.0,169.0,986,5.0,10.0,5.0,6.0,19.0,10.0,15.0,18.0,9.0,44.0,40.0,42.0,66.0,55.0,16.0,24.0,12.0,36.0,5.0,7.0,13.0,9.0,2.0,84.0,5.0,4.0,22.0,16.0,2.0,40.0,9.0,49.0,11.0,6.0,5.0,2.0,5.0,12.0,13.0,23.0,19.0,22.0,6.0,4.0,5.0,,6.0,44.0,196.0,0.4878048780487805,0.5128205128205128,1.0,0.3055555555555556,0.3055555555555556,0.5774647887323944,0.5,0.6666666666666666,0.5174825174825175,0.43333333333333335,0.5303030303030303,0.543046357615894,0.5,0.5945945945945946,0.5034965034965035,17.32620320855615,0.1,0.09467455621301775,0.018018018018018018,0.0990990990990991,0.029239766081871343,0.09718670076726342,0.022900763358778626,0.014492753623188406,0.03125,0.046511627906976744,0.11702127659574468,0.09375,0.11042944785276074,0.06779661016949153,0.18181818181818182,0.5384615384615384,0.5833333333333334,0.5714285714285714,0.20279720279720279,0.6206896551724138,0.6428571428571429,0.3888888888888889,0.11888111888111888,0.38461538461538464,0.2909090909090909,0.2962962962962963,1.0,0.3333333333333333,0.6,0.3333333333333333,0.26666666666666666,0.15151515151515152,0.09090909090909091,0.45454545454545453,0.6853146853146853,0.2909090909090909,0.5184384615384615,0.5454541666666667,0.4954742424242424,0.04081632653061224,0.08,0.11242603550295859,0.2603550295857988,8.101408450704227,25.58333333333333,0.2407185628742515,1.0,9.0,16.0,6.0,,1.0,1.0,1.0,4.0,1.0,5.0,,4.0,3.0,1.0,,7.0,7.0,,1.0,1.0,3.0,,2.0,2.0,,5.0,,1.0,4.0,5.0,2.0,3.0,0.2,0.2777777777777778,0.013888888888888888,0.04225352112676056,0.07692307692307693,0.034482758620689655,,0.01818181818181818,0.5833333333333334,0.018691588785046728,0.023255813953488372,,0.8333333333333334,0.11188811188811189,0.5625,0.5625,0.5555555555555556,0.35294117647058826,0.35294117647058826,1.0,0.06666666666666667,,,0.25,1.0,0.2,0.3333333333333333,0.26666666666666666,,,,2.0,2.0,,,2.0,1.0,,,,,,0.021739130434782608,,1.0,,,,True,
200768,1610612748,Kyle Lowry,Kyle Lowry,200768,MIA,17724.0,295,10.0,580,586,121.0,139,66,1166,5.0,8.0,1.0,1.0,3.0,5.0,9.0,15.0,4.0,11.0,31.0,3.0,9.0,11.0,19.0,19.0,46.0,12.0,91.0,695,1.0,1.0,4.0,1.0,6.0,2.0,4.0,13.0,1.0,23.0,12.0,10.0,51.0,30.0,11.0,20.0,16.0,36.0,11.0,5.0,15.0,5.0,,88.0,2.0,1.0,16.0,11.0,1.0,28.0,3.0,31.0,6.0,2.0,4.0,1.0,3.0,8.0,15.0,29.0,20.0,17.0,7.0,,6.0,,7.0,23.0,120.0,0.5454545454545454,0.5454545454545454,0.8947368421052632,0.41304347826086957,0.4222222222222222,0.5789473684210527,1.0,0.5,0.6076923076923076,0.5,0.6470588235294118,0.6319444444444444,0.42857142857142855,0.6388888888888888,0.7076923076923077,12.121212121212121,0.07692307692307693,0.09090909090909091,0.006369426751592357,0.11594202898550725,0.018867924528301886,0.10424710424710425,0.011406844106463879,0.015873015873015872,0.013333333333333334,0.10810810810810811,0.06557377049180328,0.13043478260869565,0.11627906976744186,0.11538461538461539,0.12307692307692308,0.625,0.7142857142857143,0.8,0.13846153846153847,0.5555555555555556,0.5555555555555556,0.4,0.23076923076923078,0.47692307692307695,0.3548387096774194,0.3548387096774194,0.8181818181818182,0.2,1.0,1.0,0.6,0.17647058823529413,0.23529411764705882,0.5294117647058824,0.8307692307692308,0.36666666666666664,0.5269468749999999,0.5638,0.5312375,0.125,0.28,0.06593406593406594,0.25274725274725274,6.957894736842104,25.82608695652174,0.20862068965517241,1.0,1.0,2.0,8.0,1.0,1.0,3.0,,3.0,1.0,6.0,6.0,,1.0,,,5.0,3.0,2.0,,1.0,,,3.0,1.0,1.0,,2.0,2.0,4.0,3.0,2.0,,0.25,0.46153846153846156,,0.05263157894736842,0.125,,,,0.625,,0.03225806451612903,,0.42857142857142855,0.03076923076923077,0.5,0.5,,0.5333333333333333,0.5333333333333333,1.0,0.2,1.0,1.0,,,0.3333333333333333,0.75,0.3333333333333333,0.0425531914893617,,,1.0,5.0,1.0,2.0,,1.0,,,,,,,1.0,1.0,,,,True,
1630696,1610612748,Dru Smith,Dru Smith,1630696,MIA,359.0,6,-17.0,11,13,4.0,5,2,24,,,,,,,,,,,1.0,,1.0,,,,1.0,,,17,,,,,,,,1.0,,,,,,1.0,,,,,,,,,,,,,,1.0,,1.0,,1.0,1.0,1.0,,,,,,1.0,1.0,,,,,,,,4.0,,,,,,,,,,,,,,,1.0,7.142857142857142,,0.5,,,,0.25,,,,0.5,,,,,,,,,,,,,,1.0,,,,,,,,,,1.0,1.0,,0.56235,,0.56235,,,,,,24.5,0.36363636363636365,,,,,,,,,,,,,,,,,,,,,,,,,,,,,,,,,,,,,,,,,,,,,,,,,,,,,,,,,,,,,,,,,,,,,,,,,,,,,,,,,,True,
1631288,1610612748,Jamal Cain,Jamal Cain,1631288,MIA,3457.0,58,3.0,114,113,18.0,8,17,227,2.0,3.0,,1.0,1.0,2.0,3.0,5.0,,,1.0,,,5.0,7.0,2.0,6.0,2.0,18.0,135,,2.0,,,,1.0,2.0,,,2.0,6.0,4.0,6.0,1.0,,,,,,,,,,,1.0,,1.0,2.0,,3.0,1.0,4.0,2.0,,2.0,,1.0,1.0,1.0,1.0,3.0,5.0,3.0,,,,,2.0,18.0,0.6,0.6,1.0,0.3333333333333333,0.3333333333333333,0.7142857142857143,,0.5,0.6153846153846154,,0.5,0.6,,0.5,0.46153846153846156,11.940298507462686,,0.08333333333333333,,0.04,0.045454545454545456,0.061224489795918366,0.0196078431372549,,0.05555555555555555,,,0.2222222222222222,,0.14285714285714285,0.23076923076923078,0.6666666666666666,0.6666666666666666,1.0,0.23076923076923078,0.6666666666666666,0.6666666666666666,0.5,0.38461538461538464,0.07692307692307693,,,,0.5,,,,0.5,,,0.6923076923076923,,0.5531115384615384,0.43820000000000003,0.4863,0.2,0.3333333333333333,,0.1111111111111111,6.928571428571429,23.416666666666668,0.15789473684210525,,1.0,1.0,2.0,,,,,,,,,,,,,,,,,,,,,1.0,,,,,,,,,,,,,,,,,,,,,,0.07692307692307693,1.0,1.0,,0.4,0.4,1.0,,,,,,,,,,,,,,,,,,,,,,,,,,,,,True,
1630181,1610612748,R.J. Hampton,R.J. Hampton,1630181,MIA,236.0,4,-2.0,8,8,,5,1,16,,,,,,,,,,,,,,,,,,,,11,,,,,,,,,,,,,,,,,,,,,,,,,,,,,,,,,,,,,,,,,,,,,,,,,,,,,,,,,,,,,,,,,,,,,,,,,,,,,,,,,,,,,,,,,,,,,,,,,,,,,,,,,,,,,,,,,,,,,,,,,,,,,,,,,,,,,,,,,,,,,,,,,,,,,,,,,,,,,,,,,,,,,,,,,,,,,,,,,,,,,,,,,,,,,,,,,True,
1626153,1610612748,Delon Wright,Delon Wright,1626153,MIA,7907.0,132,47.0,271,267,86.0,74,21,538,5.0,6.0,,,2.0,,3.0,8.0,1.0,5.0,9.0,2.0,2.0,5.0,10.0,7.0,17.0,6.0,37.0,288,,,2.0,,,2.0,4.0,3.0,2.0,9.0,6.0,4.0,21.0,9.0,5.0,7.0,9.0,16.0,5.0,4.0,6.0,1.0,,41.0,2.0,,6.0,1.0,1.0,8.0,2.0,10.0,10.0,8.0,2.0,,,2.0,5.0,6.0,5.0,6.0,2.0,1.0,2.0,,2.0,9.0,86.0,0.6,0.6,1.0,0.4117647058823529,0.4117647058823529,0.5,,0.5,0.5740740740740741,,0.5,0.6166666666666667,,0.5625,0.6296296296296297,10.774410774410773,0.16666666666666666,0.016129032258064516,,0.1,0.034482758620689655,0.05737704918032787,0.01904761904761905,,0.05,0.0625,,,0.06976744186046512,0.17647058823529413,0.2222222222222222,0.8333333333333334,0.8333333333333334,0.6,0.1111111111111111,,,,0.2962962962962963,0.3333333333333333,0.5555555555555556,0.5555555555555556,1.0,,,,1.0,0.2857142857142857,0.14285714285714285,0.2857142857142857,0.8518518518518519,0.5555555555555556,0.5354407407407407,,0.4855285714285714,0.06896551724137931,0.16666666666666666,,0.24324324324324326,5.25,25.17058823529411,0.3173431734317343,2.0,,1.0,2.0,,,,,1.0,,1.0,,,,,,2.0,,2.0,,,,,,,,,,1.0,1.0,1.0,1.0,1.0,,0.3333333333333333,,,,,,,1.0,,,,0.5,0.037037037037037035,,,,0.25,0.25,1.0,,,,,,1.0,,0.5,,,,,1.0,,,,,,,,,,,,,,,,False,
1626179,1610612748,Terry Rozier,Terry Rozier,1626179,MIA,32733.0,546,14.0,1103,1098,163.0,121,85,2201,24.0,38.0,1.0,4.0,9.0,27.0,65.0,28.0,4.0,24.0,60.0,5.0,15.0,71.0,138.0,40.0,88.0,38.0,300.0,1257,3.0,8.0,8.0,4.0,25.0,12.0,20.0,19.0,10.0,52.0,38.0,104.0,87.0,60.0,24.0,48.0,30.0,78.0,19.0,11.0,23.0,21.0,4.0,186.0,4.0,2.0,38.0,25.0,1.0,64.0,6.0,70.0,21.0,12.0,9.0,3.0,7.0,21.0,13.0,25.0,34.0,40.0,15.0,2.0,5.0,,5.0,52.0,163.0,0.2676056338028169,0.2676056338028169,0.725,0.45454545454545453,0.45454545454545453,0.5144927536231884,0.375,0.6,0.5796460176991151,0.65625,0.5384615384615384,0.6152263374485597,0.7352941176470589,0.5930232558139535,0.3893805309734513,22.01834862385321,0.05555555555555555,0.10548523206751055,0.007518796992481203,0.14785992217898833,0.016597510373443983,0.12753036437246965,0.011834319526627219,,0.01764705882352941,0.1111111111111111,0.1,0.11363636363636363,0.13989637305699482,0.171875,0.168141592920354,0.631578947368421,0.7272727272727273,0.25,0.28761061946902655,0.4153846153846154,0.45,0.37037037037037035,0.12389380530973451,0.26548672566371684,0.4,0.4,0.6666666666666666,0.25,0.25,,0.3125,0.23076923076923078,0.10256410256410256,0.38461538461538464,0.5575221238938053,0.4,0.5079108407079648,0.5550000000000002,0.5108217948717949,0.07468879668049792,0.09933774834437085,0.08333333333333333,0.17333333333333334,8.860144927536235,25.128409090909088,0.14777878513145964,7.0,20.0,35.0,16.0,2.0,3.0,2.0,3.0,4.0,5.0,6.0,33.0,,10.0,2.0,1.0,14.0,9.0,5.0,,,4.0,,3.0,2.0,1.0,1.0,3.0,,5.0,,1.0,2.0,0.625,0.3157894736842105,0.022727272727272728,0.07246376811594203,0.13157894736842105,0.07692307692307693,0.07142857142857142,,0.6666666666666666,0.0125,0.014084507042253521,0.009708737864077669,,0.15486725663716813,0.5714285714285714,0.5714285714285714,0.15,0.5714285714285714,0.6153846153846154,0.8125,0.1875,0.6666666666666666,1.0,0.6,0.6666666666666666,0.7777777777777778,0.5,0.26666666666666666,0.03333333333333333,,4.0,,1.0,,1.0,1.0,,,,,,,,,,,,,False,
1628389,1610612748,Bam Adebayo,Bam Adebayo,1628389,MIA,86488.0,1441,90.0,2909,2885,564.0,438,266,5794,119.0,178.0,28.0,48.0,27.0,154.0,315.0,2.0,,6.0,17.0,,4.0,307.0,582.0,8.0,19.0,180.0,818.0,3204,41.0,70.0,,18.0,100.0,40.0,83.0,4.0,56.0,142.0,358.0,256.0,24.0,17.0,6.0,98.0,74.0,172.0,60.0,14.0,56.0,32.0,10.0,418.0,27.0,65.0,178.0,157.0,21.0,356.0,92.0,448.0,45.0,38.0,7.0,18.0,53.0,103.0,46.0,96.0,203.0,235.0,110.0,18.0,45.0,5.0,46.0,142.0,557.0,0.5830618892508144,0.6302816901408451,1.0,0.42105263157894735,0.42105263157894735,0.5274914089347079,0.5857142857142857,0.4819277108433735,0.5307820299500832,0.5857142857142857,0.4942528735632184,0.577683615819209,0.6172839506172839,0.5867768595041323,0.03161397670549085,25.24120759414877,0.42857142857142855,0.24042879019908117,0.08891928864569083,0.2557471264367816,0.045075125208681135,0.24833209785025945,0.06917293233082707,0.1330049261083744,0.050239234449760764,0.21311475409836064,0.21613832853025935,0.34959349593495936,0.26716141001855287,0.21656050955414013,0.2961730449251248,0.6685393258426966,0.7391304347826086,0.6302521008403361,0.5241264559068219,0.4888888888888889,0.5049180327868853,0.538961038961039,0.0033277870216306157,0.028286189683860232,0.35294117647058826,0.35294117647058826,1.0,0.6857142857142857,0.5833333333333334,0.10714285714285714,,0.3103448275862069,,0.04597701149425287,0.3277870216306156,0.35294117647058826,0.49606572379367736,0.5593315789473685,0.4862545977011493,0.15942028985507245,0.16393442622950818,0.12224938875305623,0.17359413202933985,7.825773195876286,26.1,0.19388105878308698,14.0,34.0,89.0,2.0,,,,,2.0,,2.0,,46.0,28.0,,15.0,50.0,30.0,20.0,1.0,9.0,23.0,3.0,2.0,21.0,,,,15.0,25.0,29.0,6.0,18.0,,0.5,,0.048109965635738834,0.09550561797752809,0.031746031746031744,,,0.4854368932038835,0.07304785894206549,0.03314917127071823,0.05952380952380952,0.6304347826086957,0.1480865224625624,0.38202247191011235,0.38636363636363635,0.6176470588235294,1.0,1.0,1.0,,,,,,0.5185185185185185,,0.5,,,3.0,10.0,8.0,15.0,,13.0,1.0,1.0,8.0,2.0,3.0,,0.06870229007633588,,,,0.011235955056179775,,False,
1629130,1610612748,Duncan Robinson,Duncan Robinson,1629130,MIA,70875.0,1181,36.0,2397,2370,607.0,409,228,4767,44.0,62.0,2.0,3.0,12.0,24.0,50.0,69.0,17.0,88.0,233.0,19.0,48.0,69.0,116.0,112.0,302.0,48.0,522.0,2679,4.0,6.0,29.0,1.0,39.0,14.0,28.0,65.0,16.0,137.0,108.0,30.0,300.0,233.0,88.0,77.0,37.0,114.0,21.0,16.0,30.0,41.0,6.0,265.0,3.0,4.0,51.0,45.0,1.0,97.0,7.0,104.0,27.0,19.0,8.0,9.0,31.0,54.0,58.0,98.0,44.0,55.0,13.0,6.0,9.0,,10.0,137.0,602.0,0.782608695652174,0.782608695652174,0.8928571428571429,0.3708609271523179,0.3708609271523179,0.5948275862068966,0.6666666666666666,0.5,0.5669856459330144,0.5428571428571428,0.6505376344086021,0.5884353741496599,0.5416666666666666,0.6715686274509803,0.722488038277512,18.65558912386707,0.018867924528301886,0.08035714285714286,0.0070052539404553416,0.09426987060998152,0.005802707930367505,0.08719346049046321,0.006433823529411764,0.006211180124223602,0.005333333333333333,0.06976744186046512,0.08524590163934426,0.08433734939759036,0.08872901678657075,0.11290322580645161,0.14832535885167464,0.7096774193548387,0.7857142857142857,0.8636363636363636,0.11961722488038277,0.48,0.5,0.625,0.16507177033492823,0.5574162679425837,0.3776824034334764,0.3826086956521739,0.875,0.08571428571428572,0.6666666666666666,0.5,0.5428571428571428,0.12903225806451613,0.1827956989247312,0.5161290322580645,0.8708133971291866,0.3776824034334764,0.5347661483253588,0.5243369565217391,0.5087994623655914,0.04367816091954023,0.1015625,0.07471264367816093,0.2624521072796935,5.083620689655173,25.70364238410596,0.25323320817688777,8.0,1.0,4.0,24.0,4.0,10.0,7.0,6.0,24.0,10.0,31.0,36.0,,9.0,5.0,2.0,23.0,15.0,8.0,5.0,2.0,12.0,,2.0,1.0,1.0,3.0,6.0,,9.0,4.0,7.0,5.0,0.3448275862068966,0.47692307692307695,0.016556291390728478,0.07758620689655173,0.0967741935483871,0.04,0.028985507246376812,0.012875536480686695,0.42592592592592593,0.006644518272425249,0.007042253521126761,0.00909090909090909,0.4,0.009569377990430622,0.25,0.3333333333333333,1.0,0.34782608695652173,0.3582089552238806,0.9583333333333334,0.2857142857142857,0.4,1.0,0.3157894736842105,0.8333333333333334,0.6666666666666666,0.4117647058823529,0.5,0.019543973941368076,,5.0,8.0,4.0,1.0,1.0,1.0,1.0,,,,1.0,,0.009174311926605505,,1.0,,0.25,,False,
1629312,1610612748,Haywood Highsmith,Haywood Highsmith,1629312,MIA,59788.0,996,90.0,2007,2003,497.0,314,196,4010,27.0,50.0,5.0,11.0,13.0,23.0,42.0,62.0,12.0,31.0,86.0,6.0,21.0,51.0,97.0,53.0,148.0,18.0,279.0,2212,9.0,16.0,8.0,4.0,28.0,12.0,26.0,33.0,8.0,80.0,72.0,30.0,156.0,86.0,31.0,22.0,26.0,48.0,11.0,15.0,13.0,8.0,1.0,122.0,22.0,16.0,55.0,40.0,3.0,98.0,38.0,136.0,39.0,23.0,16.0,2.0,12.0,32.0,54.0,91.0,31.0,27.0,8.0,5.0,21.0,,23.0,79.0,495.0,0.7058823529411765,0.782608695652174,0.9811320754716981,0.3581081081081081,0.3581081081081081,0.5257731958762887,0.5625,0.46153846153846156,0.5326530612244897,0.5,0.6101694915254238,0.5428015564202334,0.5185185185185185,0.6060606060606061,0.6040816326530613,12.95383236216943,0.11538461538461539,0.08639308855291576,0.03455723542116631,0.11677282377919321,0.05116279069767442,0.10171306209850108,0.0425531914893617,0.05517241379310345,0.043333333333333335,0.078125,0.088,0.09411764705882353,0.11815561959654179,0.11290322580645161,0.20408163265306123,0.54,0.6136363636363636,0.6296296296296297,0.17142857142857143,0.5476190476190477,0.5897435897435898,0.782608695652174,0.2530612244897959,0.3510204081632653,0.36046511627906974,0.36470588235294116,0.967741935483871,0.4583333333333333,0.45454545454545453,0.2,0.25,0.22033898305084745,0.2033898305084746,0.3559322033898305,0.8081632653061225,0.36046511627906974,0.5429344897959184,0.530026923076923,0.5326101694915254,0.03571428571428571,0.07766990291262135,0.1003584229390681,0.2867383512544803,5.341237113402062,24.938513513513513,0.24763328350772296,6.0,1.0,5.0,22.0,,2.0,7.0,2.0,9.0,2.0,16.0,3.0,10.0,9.0,1.0,7.0,20.0,18.0,2.0,1.0,4.0,7.0,1.0,3.0,2.0,,,1.0,12.0,9.0,13.0,2.0,2.0,0.25,0.48484848484848486,0.006756756756756757,0.09278350515463918,0.12,0.07142857142857142,,0.011627906976744186,0.625,0.024793388429752067,0.06923076923076923,0.05343511450381679,0.5652173913043478,0.02040816326530612,0.2,0.2,1.0,0.3548387096774194,0.3548387096774194,1.0,0.08333333333333333,,,0.3333333333333333,1.0,0.46153846153846156,0.5833333333333334,0.42857142857142855,0.006711409395973154,,1.0,3.0,3.0,3.0,,2.0,2.0,,1.0,,1.0,,0.02631578947368421,,2.0,,,,False,
1631107,1610612748,Nikola Jovic,Nikola Jovic,1631107,MIA,34833.0,581,104.0,1165,1168,167.0,129,95,2333,22.0,34.0,2.0,5.0,3.0,14.0,33.0,32.0,3.0,27.0,75.0,3.0,7.0,38.0,71.0,43.0,107.0,18.0,223.0,1262,4.0,9.0,3.0,,8.0,7.0,11.0,10.0,5.0,37.0,54.0,22.0,117.0,75.0,27.0,28.0,31.0,59.0,24.0,7.0,20.0,7.0,1.0,149.0,7.0,6.0,60.0,45.0,3.0,108.0,14.0,122.0,17.0,10.0,7.0,2.0,8.0,26.0,27.0,52.0,33.0,30.0,13.0,3.0,10.0,1.0,10.0,37.0,166.0,0.7105263157894737,0.75,0.9069767441860465,0.40186915887850466,0.40186915887850466,0.5352112676056338,0.4444444444444444,0.6363636363636364,0.5758426966292135,0.3333333333333333,0.7619047619047619,0.5807291666666666,0.3333333333333333,0.7115384615384616,0.601123595505618,17.057902973395933,0.17647058823529413,0.1814516129032258,0.021739130434782608,0.1941747572815534,0.027450980392156862,0.18850987432675045,0.02448210922787194,0.036585365853658534,0.0213903743315508,0.11475409836065574,0.21897810218978103,0.16,0.20087336244541484,0.175,0.19101123595505617,0.6470588235294118,0.6666666666666666,0.7272727272727273,0.1853932584269663,0.42424242424242425,0.4666666666666667,0.6428571428571429,0.1797752808988764,0.42134831460674155,0.36,0.36,0.8518518518518519,0.4166666666666667,0.4,0.5,0.25,0.14285714285714285,0.14285714285714285,0.3333333333333333,0.7921348314606742,0.36,0.5409808988764045,0.51986875,0.5175190476190475,0.06878306878306878,0.15853658536585366,0.03587443946188341,0.16591928251121077,5.5408450704225345,25.171962616822434,0.14334763948497853,3.0,2.0,4.0,16.0,,,2.0,,4.0,,6.0,12.0,4.0,4.0,,2.0,18.0,15.0,3.0,1.0,,6.0,1.0,1.0,2.0,,,,5.0,4.0,4.0,2.0,3.0,,0.6,,0.056338028169014086,0.029411764705882353,0.09090909090909091,,,0.6923076923076923,0.012345679012345678,0.04411764705882353,0.021739130434782608,0.4,0.02247191011235955,0.5,0.5,1.0,0.5,0.5,1.0,,,,,,1.0,0.6666666666666666,0.5714285714285714,,1.0,1.0,2.0,2.0,1.0,2.0,5.0,,,2.0,,,0.05555555555555555,0.03125,,,,,,False,1.0
1631170,1610612748,Jaime Jaquez Jr.,Jaime Jaquez Jr.,1631170,MIA,68360.0,1139,-24.0,2321,2314,628.0,508,242,4635,94.0,144.0,14.0,26.0,37.0,49.0,108.0,68.0,18.0,18.0,48.0,7.0,12.0,147.0,261.0,42.0,116.0,83.0,503.0,2634,16.0,33.0,11.0,8.0,52.0,38.0,73.0,30.0,30.0,139.0,166.0,128.0,123.0,46.0,18.0,60.0,37.0,97.0,24.0,13.0,32.0,22.0,6.0,231.0,21.0,26.0,53.0,34.0,11.0,98.0,47.0,145.0,43.0,30.0,13.0,8.0,27.0,67.0,58.0,95.0,77.0,102.0,49.0,8.0,11.0,,11.0,135.0,622.0,0.564625850340136,0.6058394160583942,0.9761904761904762,0.3620689655172414,0.3684210526315789,0.5632183908045977,0.48484848484848486,0.5205479452054794,0.5570291777188329,0.5,0.529126213592233,0.5959715639810427,0.5416666666666666,0.5840336134453782,0.3076923076923077,18.8366718027735,0.18032786885245902,0.06367041198501873,0.04710144927536232,0.10095238095238095,0.039923954372623575,0.0821529745042493,0.04359925788497217,0.07017543859649122,0.03278688524590164,0.05555555555555555,0.07220216606498195,0.05263157894736842,0.09254498714652956,0.125,0.3819628647214854,0.6527777777777778,0.7014925373134329,0.6595744680851063,0.2864721485411141,0.4537037037037037,0.5268817204301075,0.3877551020408163,0.18037135278514588,0.1273209549071618,0.375,0.375,0.9444444444444444,0.5909090909090909,0.5384615384615384,0.14285714285714285,0.1590909090909091,0.3592233009708738,0.17475728155339806,0.11650485436893204,0.6896551724137931,0.391304347826087,0.5465292,0.5699678571428571,0.5305475247524754,0.11835748792270531,0.1644295302013423,0.10337972166998012,0.27634194831013914,4.682758620689655,24.85172413793104,0.27057302886686774,23.0,4.0,9.0,24.0,2.0,4.0,8.0,2.0,3.0,4.0,11.0,3.0,20.0,25.0,1.0,8.0,40.0,26.0,14.0,2.0,7.0,21.0,2.0,4.0,12.0,,,,7.0,4.0,7.0,7.0,6.0,0.36363636363636365,0.36666666666666664,0.008620689655172414,0.09578544061302682,0.06944444444444445,0.1388888888888889,0.014705882352941176,,0.5970149253731343,0.04482758620689655,0.05625,0.05,0.6363636363636364,0.023872679045092837,0.4444444444444444,0.4444444444444444,0.5,0.35294117647058826,0.3582089552238806,1.0,0.09090909090909091,0.5,1.0,0.2857142857142857,1.0,0.6216216216216216,0.4444444444444444,0.25,,,6.0,8.0,4.0,1.0,1.0,2.0,,,,,1.0,,0.01098901098901099,2.0,,,,,False,1.0
1631306,1610612748,Cole Swider,Cole Swider,1631306,MIA,3424.0,57,-13.0,118,117,35.0,39,14,235,3.0,3.0,,,2.0,,2.0,8.0,3.0,3.0,13.0,,2.0,4.0,6.0,7.0,21.0,2.0,31.0,130,,1.0,1.0,,,3.0,3.0,5.0,,15.0,6.0,2.0,21.0,13.0,3.0,2.0,,2.0,,,2.0,,,4.0,,,3.0,2.0,,5.0,1.0,6.0,,,,1.0,3.0,7.0,2.0,3.0,1.0,2.0,1.0,,,,,15.0,35.0,0.75,0.75,1.0,0.3333333333333333,0.3333333333333333,0.6666666666666666,,1.0,0.5370370370370371,,0.9375,0.5535714285714286,,0.9375,0.7777777777777778,25.925925925925924,,0.06896551724137931,,0.13636363636363635,,0.09803921568627451,,,,0.14285714285714285,0.07142857142857142,,0.125,0.16666666666666666,0.1111111111111111,1.0,1.0,0.6666666666666666,0.07407407407407407,,,,0.2962962962962963,0.48148148148148145,0.23076923076923078,0.23076923076923078,1.0,,,,,0.25,0.375,0.25,0.8888888888888888,0.23076923076923078,0.5456666666666666,0.444825,0.57178125,0.03571428571428571,0.14285714285714285,,0.4838709677419355,5.866666666666667,25.33809523809524,0.2966101694915254,2.0,1.0,1.0,4.0,,1.0,2.0,,1.0,,3.0,,,,,,4.0,1.0,3.0,1.0,,3.0,,,,,,,,,,,,,0.6,,,,,,,0.5714285714285714,,,,,0.037037037037037035,1.0,1.0,1.0,0.5,0.5,1.0,0.5,,,,,1.0,0.6666666666666666,0.5,,1.0,1.0,,,,,,,,,,,0.3333333333333333,,,,,,,False,
202710,1610612748,Jimmy Butler,Jimmy Butler,202710,MIA,71320.0,1189,108.0,2392,2379,499.0,356,212,4771,100.0,148.0,15.0,18.0,31.0,72.0,177.0,43.0,7.0,17.0,49.0,6.0,15.0,187.0,370.0,39.0,92.0,221.0,712.0,2658,18.0,29.0,9.0,27.0,69.0,36.0,75.0,22.0,76.0,163.0,182.0,192.0,93.0,49.0,17.0,70.0,100.0,170.0,64.0,36.0,42.0,25.0,3.0,440.0,26.0,34.0,63.0,54.0,2.0,119.0,60.0,179.0,47.0,22.0,25.0,9.0,23.0,62.0,17.0,37.0,173.0,254.0,111.0,20.0,9.0,1.0,14.0,159.0,495.0,0.48663101604278075,0.5290697674418605,0.7948717948717948,0.42391304347826086,0.42391304347826086,0.5054054054054054,0.6206896551724138,0.48,0.5313852813852814,0.5526315789473685,0.4484536082474227,0.6148409893992933,0.6415094339622641,0.5797101449275363,0.19913419913419914,23.84937238493724,0.044444444444444446,0.0972972972972973,0.059336823734729496,0.1111111111111111,0.05179282868525897,0.10427807486631016,0.05581395348837209,0.061224489795918366,0.0431266846361186,0.08823529411764706,0.08934707903780069,0.13829787234042554,0.1021377672209026,0.136986301369863,0.3203463203463203,0.6756756756756757,0.7518796992481203,0.57,0.38311688311688313,0.4067796610169492,0.45,0.3888888888888889,0.09307359307359307,0.10606060606060606,0.3469387755102041,0.3469387755102041,0.8235294117647058,0.47368421052631576,0.8333333333333334,,0.15789473684210525,0.31958762886597936,0.07216494845360824,0.15463917525773196,0.5194805194805194,0.3469387755102041,0.5150500000000001,0.5277562499999998,0.5063515625,0.2032967032967033,0.2444933920704846,0.09691011235955056,0.22893258426966293,6.5516216216216225,24.75760869565218,0.20861204013377926,21.0,15.0,45.0,22.0,1.0,3.0,2.0,1.0,3.0,2.0,5.0,24.0,30.0,33.0,,13.0,39.0,23.0,16.0,,7.0,12.0,2.0,4.0,27.0,,18.0,,2.0,6.0,6.0,2.0,17.0,0.2222222222222222,0.22727272727272727,,0.0891891891891892,0.10135135135135136,0.096045197740113,,,0.6290322580645161,0.0634441087613293,0.07633587786259542,0.065,0.42857142857142855,0.09740259740259741,0.3333333333333333,0.3409090909090909,0.4,0.5116279069767442,0.5116279069767442,0.7727272727272727,0.07894736842105263,0.3333333333333333,1.0,0.16666666666666666,1.0,0.6774193548387096,0.2857142857142857,0.2,,,8.0,,,3.0,,4.0,5.0,5.0,,,,,0.042105263157894736,,,1.0,0.022222222222222223,,False,
1628418,1610612748,Thomas Bryant,Thomas Bryant,1628418,MIA,15956.0,266,11.0,544,546,144.0,78,53,1090,38.0,46.0,10.0,16.0,14.0,10.0,22.0,1.0,,1.0,8.0,,1.0,49.0,74.0,1.0,9.0,25.0,126.0,609,11.0,18.0,,10.0,32.0,14.0,18.0,1.0,5.0,33.0,70.0,28.0,3.0,8.0,1.0,2.0,9.0,11.0,8.0,1.0,1.0,1.0,,31.0,4.0,18.0,31.0,34.0,5.0,70.0,22.0,92.0,8.0,7.0,1.0,1.0,15.0,17.0,14.0,30.0,20.0,30.0,15.0,1.0,8.0,,8.0,33.0,144.0,0.7142857142857143,0.8333333333333334,1.0,0.1111111111111111,0.1111111111111111,0.6621621621621622,0.6111111111111112,0.7777777777777778,0.608433734939759,0.6111111111111112,0.7368421052631579,0.6494845360824743,0.6666666666666666,0.75,0.10843373493975904,18.90547263681592,0.35714285714285715,0.24817518248175183,0.13953488372093023,0.26495726495726496,0.03571428571428571,0.2559055118110236,0.0912863070539419,0.24242424242424243,0.03529411764705882,0.2037037037037037,0.3050847457627119,0.20833333333333334,0.26744186046511625,0.25806451612903225,0.5542168674698795,0.8260869565217391,0.8636363636363636,0.6578947368421053,0.26506024096385544,0.45454545454545453,0.5,0.9,0.012048192771084338,0.0963855421686747,0.125,0.125,1.0,0.8888888888888888,0.625,0.2,,0.7368421052631579,,0.05263157894736842,0.6626506024096386,0.125,0.5389066265060241,0.555757142857143,0.5696368421052632,0.15625,0.1724137931034483,0.25396825396825395,0.2619047619047619,4.571621621621621,26.055555555555557,0.2647058823529412,12.0,1.0,6.0,,,,,,,,,,14.0,4.0,,3.0,2.0,1.0,1.0,,1.0,5.0,1.0,,2.0,,,,5.0,3.0,3.0,,1.0,,,,0.05405405405405406,0.043478260869565216,0.09090909090909091,,,0.11764705882352941,0.14285714285714285,0.037037037037037035,0.10344827586206896,0.375,0.07228915662650602,0.16666666666666666,0.16666666666666666,1.0,,,,,,,,,0.8571428571428571,,,,,,2.0,1.0,8.0,,2.0,,,,2.0,1.0,,0.030303030303030304,,,1.0,,,False,
201567,1610612748,Kevin Love,Kevin Love,201567,MIA,33759.0,563,21.0,1138,1135,373.0,298,115,2273,26.0,36.0,13.0,20.0,14.0,21.0,29.0,19.0,5.0,42.0,129.0,9.0,44.0,50.0,74.0,45.0,148.0,55.0,290.0,1294,15.0,23.0,10.0,7.0,43.0,12.0,20.0,49.0,39.0,117.0,64.0,36.0,132.0,129.0,42.0,45.0,22.0,67.0,14.0,8.0,27.0,18.0,,156.0,12.0,24.0,81.0,77.0,11.0,169.0,36.0,205.0,10.0,10.0,,5.0,10.0,26.0,32.0,58.0,65.0,72.0,24.0,14.0,7.0,,7.0,117.0,373.0,0.64,0.8205128205128205,0.9777777777777777,0.30405405405405406,0.30405405405405406,0.6756756756756757,0.6521739130434783,0.6,0.5292792792792793,0.5454545454545454,0.5652173913043478,0.56640625,0.581081081081081,0.6223404255319149,0.6666666666666666,22.11764705882353,0.39285714285714285,0.29844961240310075,0.0933852140077821,0.3151750972762646,0.042704626334519574,0.3067961165048544,0.06691449814126393,0.06896551724137931,0.04225352112676056,0.2631578947368421,0.3283582089552239,0.2708333333333333,0.2994350282485876,0.35,0.16216216216216217,0.7222222222222222,0.7647058823529411,0.5384615384615384,0.13063063063063063,0.7241379310344828,0.75,0.7619047619047619,0.08558558558558559,0.581081081081081,0.32558139534883723,0.32558139534883723,0.9761904761904762,0.6060606060606061,0.65,0.07692307692307693,0.2727272727272727,0.2028985507246377,0.07246376811594203,0.6376811594202898,0.8288288288288288,0.32558139534883723,0.5342360360360359,0.5700738095238096,0.5329108695652174,0.09917355371900827,0.2553191489361702,0.1482758620689655,0.40344827586206894,5.528378378378379,25.84324324324324,0.327768014059754,11.0,3.0,9.0,3.0,,1.0,1.0,2.0,17.0,2.0,18.0,3.0,22.0,3.0,1.0,3.0,16.0,15.0,1.0,,2.0,11.0,,4.0,4.0,,,,4.0,3.0,4.0,4.0,14.0,0.2,0.3673469387755102,0.006756756756756757,0.04054054054054054,0.05555555555555555,0.034482758620689655,0.05263157894736842,,0.6153846153846154,0.11627906976744186,0.04411764705882353,0.024793388429752067,0.5714285714285714,0.04054054054054054,0.3333333333333333,0.3333333333333333,0.6666666666666666,0.15789473684210525,0.16666666666666666,1.0,0.030303030303030304,,,0.2222222222222222,1.0,0.7857142857142857,0.2,0.38636363636363635,,,,2.0,7.0,1.0,7.0,9.0,,,,1.0,,,0.07317073170731707,,,,,,False,
1629639,1610612748,Tyler Herro,Tyler Herro,1629639,MIA,49877.0,831,-7.0,1698,1684,450.0,325,171,3382,27.0,50.0,2.0,3.0,12.0,66.0,129.0,23.0,7.0,70.0,176.0,12.0,36.0,120.0,247.0,78.0,199.0,57.0,531.0,1936,6.0,16.0,13.0,4.0,28.0,33.0,74.0,43.0,18.0,132.0,96.0,144.0,192.0,176.0,70.0,71.0,51.0,122.0,36.0,15.0,38.0,25.0,8.0,295.0,5.0,6.0,65.0,50.0,9.0,124.0,11.0,135.0,26.0,19.0,7.0,10.0,19.0,58.0,13.0,34.0,53.0,67.0,27.0,5.0,1.0,,1.0,131.0,446.0,0.4,0.4067796610169492,0.8205128205128205,0.39195979899497485,0.39195979899497485,0.48582995951417,0.375,0.44594594594594594,0.531390134529148,0.41379310344827586,0.48717948717948717,0.5561440677966102,0.45161290322580644,0.5238095238095238,0.4461883408071749,27.856766719325964,0.21428571428571427,0.12886597938144329,0.014319809069212411,0.1649746192893401,0.013440860215053764,0.14705882352941177,0.01390644753476612,0.02830188679245283,0.011235955056179775,0.10655737704918032,0.14659685863874344,0.12,0.17288135593220338,0.1414141414141414,0.11210762331838565,0.54,0.7297297297297297,0.48148148148148145,0.289237668161435,0.5116279069767442,0.5641025641025641,0.36363636363636365,0.0515695067264574,0.39461883408071746,0.3977272727272727,0.40229885057471265,0.8,0.10344827586206896,0.6666666666666666,,0.41379310344827586,0.10256410256410256,0.05982905982905983,0.3076923076923077,0.5582959641255605,0.3977272727272727,0.5002585201793721,0.4662973684210526,0.4756987179487179,0.06209850107066381,0.10150375939849623,0.05273069679849341,0.24858757062146894,9.932793522267206,25.85025125628141,0.26501766784452296,8.0,27.0,68.0,8.0,,1.0,4.0,4.0,12.0,4.0,16.0,42.0,4.0,28.0,3.0,,39.0,21.0,18.0,1.0,3.0,11.0,1.0,1.0,8.0,,7.0,2.0,1.0,,1.0,2.0,3.0,0.3076923076923077,0.37209302325581395,0.01507537688442211,0.11336032388663968,0.26,0.09302325581395349,0.043478260869565216,0.011363636363636364,0.6724137931034483,0.012987012987012988,0.01904761904761905,,1.0,0.15246636771300448,0.39705882352941174,0.4153846153846154,0.4074074074074074,0.34782608695652173,0.36363636363636365,1.0,0.034482758620689655,,,0.3333333333333333,1.0,0.6666666666666666,0.5714285714285714,0.3333333333333333,0.009950248756218905,,4.0,2.0,3.0,1.0,,2.0,,,,,,,,,,,0.04411764705882353,1.0,False,
201988,1610612748,Patty Mills,Patty Mills,201988,MIA,5939.0,99,27.0,203,198,45.0,24,12,401,5.0,7.0,,1.0,,1.0,3.0,5.0,2.0,4.0,19.0,,6.0,9.0,14.0,5.0,24.0,7.0,40.0,211,1.0,2.0,,,2.0,1.0,1.0,8.0,2.0,10.0,8.0,10.0,12.0,19.0,4.0,5.0,5.0,10.0,4.0,1.0,3.0,1.0,1.0,25.0,1.0,1.0,1.0,2.0,,3.0,2.0,5.0,6.0,4.0,2.0,,1.0,3.0,3.0,5.0,7.0,7.0,1.0,1.0,,,,10.0,45.0,0.4444444444444444,0.5,0.8,0.20833333333333334,0.20833333333333334,0.6428571428571429,0.5,1.0,0.4342105263157895,0.5,0.4444444444444444,0.4878048780487805,0.5,0.5,0.631578947368421,20.276497695852534,,0.047619047619047616,0.02857142857142857,0.023809523809523808,0.018867924528301886,0.03571428571428571,0.022727272727272728,,0.025,,0.038461538461538464,0.125,,0.07142857142857142,0.18421052631578946,0.7142857142857143,0.7142857142857143,0.4,0.07894736842105263,0.3333333333333333,0.5,1.0,0.13157894736842105,0.5,0.21052631578947367,0.21052631578947367,0.75,0.5,,,,,0.2222222222222222,0.6666666666666666,0.8157894736842105,0.21052631578947367,0.5137131578947369,0.4149,0.5146666666666666,0.05,0.06666666666666667,0.05,0.25,8.635714285714286,25.349999999999998,0.22167487684729065,,3.0,4.0,1.0,,,,,2.0,,2.0,3.0,2.0,1.0,,,2.0,2.0,,,,,,1.0,,,,1.0,,,,,1.0,,0.25,,0.07142857142857142,,0.3333333333333333,,,0.6666666666666666,,,,,0.10526315789473684,0.75,0.75,0.3333333333333333,0.2,0.2,1.0,,,,,,,,0.3333333333333333,0.04,,1.0,,1.0,,,,,,,,,,0.14285714285714285,,,,,,False,
1631288,1610612748,Jamal Cain,Jamal Cain,1631288,MIA,12084.0,201,-30.0,415,421,119.0,138,47,836,10.0,18.0,2.0,5.0,5.0,7.0,20.0,14.0,4.0,6.0,11.0,,4.0,18.0,41.0,9.0,25.0,16.0,79.0,461,4.0,8.0,3.0,5.0,16.0,4.0,14.0,8.0,1.0,21.0,24.0,12.0,18.0,11.0,6.0,6.0,4.0,10.0,3.0,1.0,4.0,1.0,1.0,24.0,6.0,8.0,10.0,8.0,1.0,19.0,14.0,33.0,8.0,3.0,5.0,1.0,4.0,7.0,9.0,21.0,12.0,18.0,9.0,,5.0,,5.0,21.0,119.0,0.6666666666666666,0.8571428571428571,0.6666666666666666,0.36,0.36,0.43902439024390244,0.5,0.2857142857142857,0.4772727272727273,0.5,0.45454545454545453,0.5266666666666666,0.5714285714285714,0.45652173913043476,0.3787878787878788,17.4468085106383,0.06666666666666667,0.09090909090909091,0.08080808080808081,0.10989010989010989,0.0625,0.1005586592178771,0.07179487179487179,0.038461538461538464,0.08571428571428572,0.10344827586206896,0.05128205128205128,0.15,0.13636363636363635,0.04,0.2727272727272727,0.5555555555555556,0.5882352941176471,0.7,0.30303030303030304,0.35,0.3888888888888889,0.7142857142857143,0.21212121212121213,0.16666666666666666,0.5454545454545454,0.5454545454545454,0.6666666666666666,0.45454545454545453,0.4,,,0.22727272727272727,0.18181818181818182,0.18181818181818182,0.6515151515151515,0.5454545454545454,0.5080598484848485,0.4639250000000001,0.48688409090909096,0.12,0.18,0.20253164556962025,0.26582278481012656,6.170731707317073,24.147999999999996,0.28674698795180725,2.0,1.0,3.0,3.0,1.0,3.0,1.0,,3.0,1.0,4.0,9.0,8.0,3.0,,2.0,3.0,1.0,2.0,3.0,,1.0,,1.0,,,,,3.0,2.0,3.0,3.0,,0.3333333333333333,0.5,,0.07317073170731707,0.05555555555555555,0.1,,,0.42857142857142855,0.08928571428571429,,0.05714285714285714,0.6,0.045454545454545456,0.3333333333333333,0.3333333333333333,,0.21428571428571427,0.21428571428571427,0.6666666666666666,0.2727272727272727,0.3333333333333333,1.0,,,0.4,0.25,0.75,,,,,,,,1.0,,,,,1.0,,0.11764705882352941,,,,,,False,
1631115,1610612748,Orlando Robinson,Orlando Robinson,1631115,MIA,6562.0,109,-12.0,226,229,89.0,73,25,455,4.0,8.0,,2.0,5.0,5.0,10.0,1.0,,,3.0,,,9.0,20.0,1.0,4.0,12.0,33.0,258,1.0,6.0,,1.0,3.0,3.0,9.0,,6.0,12.0,14.0,4.0,3.0,3.0,,10.0,6.0,16.0,4.0,2.0,4.0,4.0,2.0,38.0,5.0,3.0,9.0,14.0,1.0,24.0,8.0,32.0,3.0,2.0,1.0,1.0,4.0,6.0,8.0,14.0,10.0,14.0,5.0,2.0,2.0,,2.0,12.0,89.0,0.7777777777777778,0.7777777777777778,1.0,0.25,0.25,0.45,0.16666666666666666,0.3333333333333333,0.4375,0.16666666666666666,0.3333333333333333,0.532258064516129,0.21428571428571427,0.5,0.16666666666666666,14.566929133858267,0.2,0.25,0.0625,0.2,0.1,0.22772277227722773,0.08163265306122448,0.09090909090909091,0.10256410256410256,0.17647058823529413,0.2962962962962963,0.25,0.16666666666666666,0.3333333333333333,0.3333333333333333,0.5,0.5714285714285714,0.75,0.4166666666666667,0.5,0.625,0.8,0.041666666666666664,0.125,,,,0.3333333333333333,,,,0.5555555555555556,,,0.5,,0.5095604166666667,0.40769999999999995,0.5134333333333333,0.1724137931034483,0.2,0.09090909090909091,0.36363636363636365,5.975,24.925,0.3938053097345133,2.0,,2.0,1.0,,,,,,,,,,3.0,,1.0,2.0,2.0,,,2.0,3.0,,,,,,,1.0,1.0,1.0,,2.0,,,,0.15,0.125,0.2,,,0.3333333333333333,0.06666666666666667,0.09090909090909091,0.09090909090909091,0.5,0.08333333333333333,,,,1.0,1.0,1.0,,,,,,0.4,,,,,1.0,1.0,2.0,1.0,,1.0,,,,,,,,,,,,,False,
1631214,1610612748,Alondes Williams,Alondes Williams,1631214,MIA,934.0,16,-20.0,36,37,12.0,22,2,73,2.0,2.0,,,1.0,,2.0,,,,4.0,,1.0,2.0,4.0,,4.0,1.0,5.0,42,,,,,,1.0,1.0,1.0,1.0,3.0,,4.0,,4.0,,,,,,,,,,,,,1.0,,,1.0,,1.0,,,,,,2.0,1.0,2.0,1.0,1.0,1.0,,1.0,,1.0,3.0,12.0,,,,,,0.5,,1.0,0.25,,0.5,0.3125,,0.75,0.5,26.31578947368421,,,,0.125,,0.07142857142857142,,,,,,,,0.25,0.25,1.0,1.0,,0.25,,,,,0.5,,,,,,,,0.5,,0.5,0.75,,0.46449375000000004,,0.4538,0.125,0.25,,0.6,4.4750000000000005,26.9,0.3333333333333333,1.0,,,,,,,,,,,,,1.0,,,2.0,,2.0,,,1.0,,,1.0,,,,1.0,,,,,,,,0.25,,0.5,,,1.0,,,,,,,,,,,,,,,,,1.0,,,,,,,,,,,,,,,,,,,,,,,False,
1626196,1610612748,Josh Richardson,Josh Richardson,1626196,MIA,41190.0,686,-52.0,1381,1374,459.0,318,135,2755,22.0,29.0,2.0,2.0,8.0,17.0,33.0,29.0,8.0,32.0,89.0,8.0,24.0,47.0,86.0,44.0,118.0,30.0,256.0,1586,3.0,4.0,11.0,3.0,15.0,13.0,25.0,32.0,11.0,73.0,50.0,44.0,126.0,88.0,32.0,42.0,27.0,69.0,18.0,9.0,19.0,17.0,6.0,165.0,8.0,1.0,31.0,26.0,6.0,63.0,9.0,72.0,13.0,9.0,4.0,5.0,14.0,24.0,22.0,53.0,33.0,32.0,7.0,5.0,7.0,,8.0,71.0,454.0,0.5319148936170213,0.5555555555555556,0.9545454545454546,0.3728813559322034,0.37606837606837606,0.5465116279069767,0.75,0.52,0.553921568627451,0.4,0.543859649122807,0.5852534562211982,0.4411764705882353,0.5714285714285714,0.5784313725490197,15.73107049608355,0.1935483870967742,0.08469055374592833,0.0033003300330033004,0.09967845659163987,0.025,0.09223300970873786,0.014446227929373997,,0.02880658436213992,0.06451612903225806,0.08433734939759036,0.125,0.10869565217391304,0.07407407407407407,0.14215686274509803,0.7586206896551724,0.7857142857142857,0.6818181818181818,0.16176470588235295,0.5151515151515151,0.5666666666666667,0.29411764705882354,0.14215686274509803,0.4362745098039216,0.3595505617977528,0.36363636363636365,0.9375,0.13333333333333333,1.0,,0.5333333333333333,0.14035087719298245,0.14035087719298245,0.42105263157894735,0.7205882352941176,0.36363636363636365,0.5206135467980297,0.5378944444444445,0.5102723214285715,0.04716981132075472,0.07608695652173914,0.05859375,0.28515625,9.046511627906975,25.657627118644072,0.332367849384504,7.0,8.0,24.0,12.0,,3.0,4.0,2.0,8.0,2.0,12.0,6.0,4.0,4.0,1.0,,10.0,9.0,1.0,,2.0,8.0,2.0,3.0,1.0,1.0,2.0,3.0,4.0,3.0,5.0,3.0,4.0,0.18181818181818182,0.375,0.00847457627118644,0.046511627906976744,0.034482758620689655,0.09090909090909091,,0.011235955056179775,0.4166666666666667,0.006369426751592357,0.012987012987012988,,0.625,0.11764705882352941,0.3333333333333333,0.3333333333333333,0.625,0.41379310344827586,0.41379310344827586,1.0,0.2,,,0.25,1.0,0.875,0.5,0.3333333333333333,0.025,,,3.0,7.0,3.0,1.0,3.0,1.0,,,,,,,1.0,1.0,,,,False,
200768,1610612748,Kyle Lowry,Kyle Lowry,200768,MIA,44500.0,742,3.0,1503,1491,385.0,242,150,2994,15.0,28.0,2.0,4.0,8.0,8.0,25.0,24.0,5.0,34.0,91.0,9.0,22.0,30.0,62.0,43.0,115.0,23.0,212.0,1674,5.0,8.0,10.0,2.0,21.0,7.0,19.0,27.0,14.0,49.0,28.0,32.0,102.0,90.0,34.0,71.0,40.0,111.0,33.0,7.0,38.0,24.0,9.0,262.0,6.0,16.0,39.0,33.0,4.0,76.0,22.0,98.0,33.0,14.0,19.0,7.0,15.0,45.0,38.0,65.0,41.0,25.0,7.0,3.0,8.0,1.0,8.0,49.0,384.0,0.4666666666666667,0.4827586206896552,0.7906976744186046,0.3739130434782609,0.37719298245614036,0.4838709677419355,0.625,0.3684210526315789,0.5338983050847458,0.5277777777777778,0.3804347826086957,0.553475935828877,0.5526315789473685,0.4423076923076923,0.6497175141242938,13.825983313468415,0.13793103448275862,0.10060975609756098,0.04199475065616798,0.11641791044776119,0.01892744479495268,0.1085972850678733,0.03151862464183381,0.04672897196261682,0.021645021645021644,0.05102040816326531,0.12422360248447205,0.11594202898550725,0.125,0.09195402298850575,0.15819209039548024,0.5357142857142857,0.7142857142857143,0.5333333333333333,0.14124293785310735,0.32,0.36363636363636365,0.375,0.13559322033898305,0.5141242937853108,0.37362637362637363,0.38202247191011235,0.7352941176470589,0.2222222222222222,0.5,,0.5,0.17391304347826086,0.10869565217391304,0.4782608695652174,0.807909604519774,0.37777777777777777,0.5238577142857143,0.5272300000000001,0.4830902173913044,0.03804347826086957,0.10144927536231885,0.09905660377358491,0.23113207547169812,6.820967741935486,25.983478260869564,0.25615435795076513,3.0,7.0,9.0,9.0,,1.0,2.0,3.0,5.0,3.0,7.0,27.0,2.0,10.0,2.0,4.0,30.0,26.0,4.0,,4.0,17.0,,7.0,,,5.0,,4.0,3.0,3.0,5.0,3.0,0.3,0.25925925925925924,0.017391304347826087,0.16129032258064516,0.25,0.12,,0.02197802197802198,0.6666666666666666,0.05,0.011627906976744186,0.047058823529411764,0.375,0.05084745762711865,0.7777777777777778,0.7777777777777778,0.42857142857142855,0.375,0.375,1.0,0.05555555555555555,,,0.3333333333333333,1.0,0.375,0.4,0.22727272727272727,,,3.0,1.0,5.0,2.0,8.0,3.0,,,,,,,0.013513513513513514,1.0,,,,,False,
1630696,1610612748,Dru Smith,Dru Smith,1630696,MIA,7495.0,125,-26.0,256,256,63.0,31,29,512,6.0,10.0,,,4.0,2.0,4.0,5.0,,4.0,11.0,2.0,2.0,8.0,16.0,7.0,16.0,2.0,39.0,290,,,2.0,,6.0,4.0,6.0,2.0,,14.0,8.0,8.0,18.0,11.0,4.0,9.0,5.0,14.0,4.0,1.0,7.0,2.0,,33.0,4.0,1.0,2.0,5.0,,7.0,6.0,13.0,8.0,7.0,1.0,,,5.0,6.0,11.0,5.0,2.0,1.0,,3.0,,3.0,14.0,63.0,0.5,0.5,0.8571428571428571,0.4375,0.4375,0.5,,0.6666666666666666,0.578125,1.5,0.875,0.5909090909090909,1.5,0.875,0.5,13.286713286713287,,0.07936507936507936,0.013888888888888888,0.03333333333333333,0.06779661016949153,0.056910569105691054,0.03816793893129771,,0.0625,0.125,0.058823529411764705,,0.023255813953488372,0.058823529411764705,0.3125,0.6,0.6666666666666666,0.5,0.125,0.5,0.5,0.5,0.15625,0.34375,0.36363636363636365,0.36363636363636365,0.75,,,,1.0,0.5,,0.25,0.8125,0.36363636363636365,0.5583609375,0.473475,0.5375937500000001,0.030303030303030304,0.058823529411764705,0.15384615384615385,0.358974358974359,4.86875,25.425,0.24609375,3.0,,2.0,3.0,,,,2.0,2.0,2.0,2.0,3.0,,1.0,,,5.0,5.0,,,,1.0,,3.0,,,,,2.0,1.0,3.0,,,1.0,1.0,,0.0625,0.1,,,,1.0,,0.09090909090909091,,1.0,0.0625,,,,0.6,0.6,1.0,,,,1.0,1.0,0.75,,1.0,,1.0,,,1.0,,,,,,,,,0.5,0.05,,,,,,False,
1630181,1610612748,R.J. Hampton,R.J. Hampton,1630181,MIA,4326.0,72,23.0,147,143,50.0,38,17,290,1.0,3.0,,,1.0,2.0,3.0,3.0,,1.0,5.0,1.0,2.0,3.0,6.0,1.0,8.0,1.0,10.0,155,,,2.0,,,1.0,2.0,2.0,,5.0,2.0,4.0,3.0,5.0,1.0,4.0,4.0,8.0,3.0,1.0,2.0,,2.0,20.0,2.0,,3.0,1.0,,4.0,2.0,6.0,,,,,,3.0,6.0,8.0,1.0,2.0,1.0,,,,,5.0,50.0,0.3333333333333333,0.3333333333333333,1.0,0.125,0.125,0.5,,0.5,0.32142857142857145,,0.625,0.3333333333333333,,0.625,0.5714285714285714,10.778443113772456,,0.024390243902439025,,0.08108108108108109,0.05405405405405406,0.05128205128205128,0.031746031746031744,,0.07692307692307693,,,0.16666666666666666,0.06060606060606061,0.25,0.21428571428571427,0.3333333333333333,0.5,1.0,0.21428571428571427,0.6666666666666666,0.6666666666666666,,0.21428571428571427,0.35714285714285715,0.2,0.2,1.0,,,,0.5,0.25,,0.5,0.7857142857142857,0.2,0.52265,0.59055,0.52635,0.06666666666666667,0.14285714285714285,,0.5,6.216666666666666,25.150000000000002,0.3401360544217687,,,,,,1.0,,,1.0,,1.0,,,1.0,,1.0,3.0,3.0,,,1.0,,,,,,,,,,,,,,0.5,,0.16666666666666666,0.3333333333333333,,,,1.0,,,0.1111111111111111,,,,,,,,,0.5,,,,,,,0.5,,,,,,,,,,,,,,,,,,,,,False,
