EntityId,TeamId,Name,ShortName,RowId,TeamAbbreviation,SecondsPlayed,Minutes,PlusMinus,OffPoss,DefPoss,PenaltyOffPoss,PenaltyDefPoss,SecondChanceOffPoss,TotalPoss,AtRimFGM,AtRimFGA,SecondChanceAtRimFGM,SecondChanceAtRimFGA,PenaltyAtRimFGM,PenaltyAtRimFGA,ShortMidRangeFGM,ShortMidRangeFGA,LongMidRangeFGM,LongMidRangeFGA,Corner3FGA,PenaltyCorner3FGA,Arc3FGM,Arc3FGA,SecondChanceArc3FGA,PenaltyArc3FGM,PenaltyArc3FGA,FG2M,FG2A,FG3M,FG3A,FtPoints,Points,OpponentPoints,SecondChanceFG2M,SecondChanceFG2A,SecondChanceFG3A,SecondChanceFtPoints,SecondChancePoints,PenaltyFG2M,PenaltyFG2A,PenaltyFG3M,PenaltyFG3A,PenaltyFtPoints,PenaltyPoints,PtsAssisted2s,PtsUnassisted2s,PtsAssisted3s,PtsPutbacks,NonHeaveArc3FGA,NonHeaveArc3FGM,TwoPtAssists,ThreePtAssists,Assists,Arc3Assists,Corner3Assists,ShortMidRangeAssists,LongMidRangeAssists,AssistPoints,OffThreePtRebounds,OffTwoPtRebounds,DefThreePtRebounds,DefTwoPtRebounds,FTDefRebounds,DefRebounds,OffRebounds,Rebounds,Steals,BadPassSteals,LostBallSteals,LiveBallTurnovers,BadPassOutOfBoundsTurnovers,BadPassTurnovers,DeadBallTurnovers,LostBallTurnovers,Turnovers,SecondChanceTurnovers,PenaltyTurnovers,ShootingFouls,Fouls,Loose Ball Fouls,Offensive Fouls,FTA,TwoPtShootingFoulsDrawn,NonShootingFoulsDrawn,Blocked2s,BlockedAtRim,BlockedShortMidRange,Blocks,RecoveredBlocks,PenaltyPointsExcludingTakeFouls,PenaltyOffPossExcludingTakeFouls,NonShootingPenaltyNonTakeFouls,Assisted2sPct,NonPutbacksAssisted2sPct,Assisted3sPct,Fg3Pct,PenaltyFg3Pct,NonHeaveFg3Pct,Fg2Pct,SecondChanceFg2Pct,PenaltyFg2Pct,EfgPct,SecondChanceEfgPct,PenaltyEfgPct,TsPct,SecondChanceTsPct,PenaltyTsPct,FG3APct,Usage,LiveBallTurnoverPct,DefFTReboundPct,DefTwoPtReboundPct,OffTwoPtReboundPct,DefThreePtReboundPct,OffThreePtReboundPct,DefFGReboundPct,OffFGReboundPct,OffAtRimReboundPct,OffLongMidRangeReboundPct,OffCorner3ReboundPct,DefAtRimReboundPct,DefShortMidRangeReboundPct,DefLongMidRangeReboundPct,DefArc3ReboundPct,BlocksRecoveredPct,AtRimFrequency,AtRimAccuracy,UnblockedAtRimAccuracy,AtRimPctAssisted,ShortMidRangeFrequency,ShortMidRangeAccuracy,UnblockedShortMidRangeAccuracy,LongMidRangeFrequency,LongMidRangeAccuracy,UnblockedLongMidRangeAccuracy,LongMidRangePctAssisted,Corner3Frequency,Arc3Frequency,Arc3Accuracy,UnblockedArc3Accuracy,Arc3PctAssisted,SecondChanceAtRimFrequency,SecondChanceAtRimAccuracy,SecondChanceArc3Frequency,PenaltyAtRimFrequency,PenaltyAtRimAccuracy,PenaltyCorner3Frequency,PenaltyArc3Frequency,PenaltyArc3Accuracy,AtRimFG3AFrequency,NonHeaveArc3Accuracy,ShotQualityAvg,SecondChanceShotQualityAvg,PenaltyShotQualityAvg,ShootingFoulsDrawnPct,TwoPtShootingFoulsDrawnPct,SecondChancePointsPct,PenaltyPointsPct,Avg2ptShotDistance,Avg3ptShotDistance,PenaltyOffPossPct,Corner3FGM,SecondChanceCorner3FGM,SecondChanceCorner3FGA,PenaltyCorner3FGM,SecondChanceArc3FGM,SecondChanceFG3M,PtsUnassisted3s,Fg2aBlocked,Fg3aBlocked,AtRimAssists,FTOffRebounds,SelfOReb,LostBallOutOfBoundsTurnovers,Travels,2pt And 1 Free Throw Trips,Technical Free Throw Trips,ThreePtShootingFoulsDrawn,Blocked3s,BlockedArc3,BlockedLongMidRange,DefensiveGoaltends,SecondChanceFg3Pct,FG3APctBlocked,FG2APctBlocked,AtRimPctBlocked,ShortMidRangePctBlocked,LongMidRangePctBlocked,Arc3PctBlocked,OffFTReboundPct,OffShortMidRangeReboundPct,OffArc3ReboundPct,DefCorner3ReboundPct,SelfORebPct,ShortMidRangePctAssisted,Corner3Accuracy,UnblockedCorner3Accuracy,Corner3PctAssisted,SecondChanceCorner3Frequency,SecondChanceCorner3Accuracy,SecondChanceCorner3PctAssisted,SecondChanceArc3Accuracy,SecondChanceArc3PctAssisted,PenaltyCorner3Accuracy,ThreePtShootingFoulsDrawnPct,Clear Path Fouls,BlockedCorner3,OffensiveGoaltends,SecondChanceAtRimPctAssisted,3SecondViolations,HeaveAttempts,3pt And 1 Free Throw Trips,Defensive 3 Seconds Violations,on
109,1610612747,Robert Horry,Robert Horry,109,LAL,6217.0,104,20,202,197,90,78,28,399,5.0,7.0,2.0,2.0,3.0,4.0,1.0,4.0,1.0,3.0,1.0,1.0,2.0,5.0,2.0,2.0,4.0,7.0,14.0,2.0,6.0,7.0,27.0,199,2.0,2.0,2.0,2.0,6.0,3.0,5.0,2.0,5.0,1.0,13.0,8.0,6.0,6.0,2.0,5.0,2.0,3.0,2.0,5.0,1.0,1.0,1.0,2.0,12.0,1.0,4.0,2.0,9,2.0,13,5.0,18,6.0,5.0,1.0,5.0,1.0,4.0,4.0,1.0,9.0,1.0,2.0,8.0,18,2.0,3.0,8.0,2.0,2.0,2.0,1.0,1.0,2.0,2.0,13.0,90,2.0,0.5714285714285714,0.6666666666666666,1.0,0.3333333333333333,0.4,0.3333333333333333,0.5,1.0,0.6,0.5,0.5,0.6,0.5625,0.6,0.5909090909090909,0.3,13.924050632911392,0.5555555555555556,0.18181818181818182,0.1323529411764706,0.056338028169014086,0.09090909090909091,0.041666666666666664,0.12222222222222222,0.05263157894736842,0.09090909090909091,0.058823529411764705,0.25,0.16666666666666666,0.15,0.08333333333333333,0.11764705882352941,1.0,0.35,0.7142857142857143,0.7142857142857143,0.6,0.2,0.25,0.25,0.15,0.3333333333333333,0.3333333333333333,1.0,0.05,0.25,0.4,0.4,1.0,0.5,1.0,0.5,0.4,0.75,0.1,0.4,0.5,0.65,0.4,0.51414,0.60295,0.55266,0.09090909090909091,0.125,0.2222222222222222,0.48148148148148145,6.207142857142857,24.116666666666664,0.44554455445544555,,,,,,,,,,,,,,,,,,,,,,,,,,,,,,,,,,,,,,,,,,,,,,,,,,,,,True
2,1610612747,Byron Scott,Byron Scott,2,LAL,81149.0,1352,168,2605,2570,985,890,341,5175,45.0,70.0,1.0,6.0,14.0,24.0,11.0,26.0,30.0,88.0,23.0,7.0,65.0,155.0,12.0,22.0,48.0,86.0,184.0,71.0,178.0,121.0,506.0,2668,5.0,18.0,16.0,6.0,37.0,25.0,53.0,23.0,55.0,61.0,180.0,124.0,48.0,180.0,4.0,155.0,65.0,78.0,17.0,95.0,13.0,4.0,31.0,12.0,207.0,7.0,12.0,22.0,67,,89,21.0,110,43.0,28.0,15.0,26.0,3.0,19.0,23.0,7.0,49.0,2.0,17.0,31.0,70,1.0,3.0,145.0,41.0,25.0,14.0,8.0,5.0,15.0,5.0,180.0,985,15.0,0.7209302325581395,0.7380952380952381,0.8450704225352113,0.398876404494382,0.41818181818181815,0.398876404494382,0.4673913043478261,0.2777777777777778,0.4716981132075472,0.5317679558011049,0.45588235294117646,0.5509259259259259,0.5807600950118765,0.5,0.6205673758865248,0.49171270718232046,15.654205607476635,0.5306122448979592,,0.07135250266240682,0.014302741358760428,0.0707395498392283,0.023333333333333334,0.0712,0.016681299385425813,0.017676767676767676,0.010471204188481676,,0.055408970976253295,0.07719298245614035,0.08727272727272728,0.07171314741035857,0.3333333333333333,0.19337016574585636,0.6428571428571429,0.6818181818181818,0.7111111111111111,0.0718232044198895,0.4230769230769231,0.44,0.2430939226519337,0.3409090909090909,0.3448275862068966,0.7333333333333333,0.06353591160220995,0.4281767955801105,0.41935483870967744,0.42483660130718953,0.8461538461538461,0.17647058823529413,0.16666666666666666,0.35294117647058826,0.2222222222222222,0.5833333333333334,0.06481481481481481,0.4444444444444444,0.4583333333333333,0.6850828729281768,0.41935483870967744,0.5210895027624312,0.5038446428571428,0.5274569444444444,0.10606060606060606,0.1889400921658986,0.07312252964426877,0.3557312252964427,9.704891304347827,23.70955056179776,0.3781190019193858,6.0,2.0,4.0,1.0,5.0,7.0,33.0,6.0,2.0,35.0,2.0,3.0,8.0,7.0,8.0,19.0,1.0,1.0,1.0,1.0,1.0,0.4375,0.011235955056179775,0.03260869565217391,0.05714285714285714,0.038461538461538464,0.011363636363636364,0.012903225806451613,0.014814814814814815,0.011904761904761904,0.028112449799196786,0.06666666666666667,0.015463917525773196,0.7272727272727273,0.2608695652173913,0.2608695652173913,0.8333333333333334,0.11764705882352941,0.5,0.5,0.4166666666666667,1.0,0.14285714285714285,0.00558659217877095,,,,,,,,,True
224,1610612747,Eddie Jones,Eddie Jones,224,LAL,46675.0,778,134,1513,1486,568,536,189,2999,52.0,114.0,5.0,16.0,16.0,37.0,9.0,33.0,9.0,33.0,22.0,8.0,32.0,91.0,4.0,14.0,33.0,70.0,180.0,44.0,113.0,108.0,380.0,1553,6.0,20.0,5.0,7.0,22.0,22.0,53.0,16.0,41.0,72.0,164.0,90.0,50.0,108.0,6.0,91.0,32.0,61.0,10.0,71.0,8.0,2.0,12.0,10.0,152.0,6.0,16.0,21.0,53,4.0,78,22.0,100,54.0,42.0,12.0,25.0,10.0,23.0,34.0,2.0,59.0,2.0,17.0,12.0,55,2.0,4.0,126.0,29.0,33.0,8.0,5.0,1.0,13.0,8.0,164.0,568,11.0,0.6428571428571429,0.6716417910447762,0.8181818181818182,0.3893805309734513,0.3902439024390244,0.3893805309734513,0.3888888888888889,0.3,0.41509433962264153,0.4641638225255973,0.3,0.48936170212765956,0.5413105413105413,0.39285714285714285,0.6165413533834586,0.3856655290102389,23.682686740011583,0.423728813559322,0.07142857142857142,0.10095238095238095,0.03587443946188341,0.11290322580645161,0.032432432432432434,0.10407876230661041,0.03486529318541997,0.039647577092511016,0.043478260869565216,,0.08837209302325581,0.08982035928143713,0.13286713286713286,0.11920529801324503,0.6153846153846154,0.3890784982935154,0.45614035087719296,0.5473684210526316,0.7307692307692307,0.11262798634812286,0.2727272727272727,0.3103448275862069,0.11262798634812286,0.2727272727272727,0.2727272727272727,0.3333333333333333,0.07508532423208192,0.310580204778157,0.3516483516483517,0.3516483516483517,0.8125,0.64,0.3125,0.16,0.39361702127659576,0.43243243243243246,0.0851063829787234,0.35106382978723405,0.42424242424242425,0.7747440273037542,0.3516483516483517,0.5393711340206185,0.5601131578947369,0.5254554347826087,0.09433962264150944,0.14215686274509803,0.05789473684210526,0.43157894736842106,4.987222222222223,24.12743362831858,0.3754130865829478,12.0,,1.0,2.0,1.0,1.0,24.0,23.0,,39.0,,7.0,7.0,8.0,5.0,,1.0,5.0,3.0,2.0,,0.2,,0.12777777777777777,0.16666666666666666,0.12121212121212122,,,,0.023622047244094488,0.039473684210526314,0.08571428571428572,0.046052631578947366,0.4444444444444444,0.5454545454545454,0.5454545454545454,0.8333333333333334,0.04,,,0.25,1.0,0.25,0.008771929824561403,1.0,2.0,1.0,0.2,,,,,True
399,1610612747,Sean Rooks,Sean Rooks,399,LAL,18438.0,307,-10,598,577,221,219,91,1175,17.0,50.0,5.0,17.0,7.0,19.0,8.0,22.0,,1.0,,,,,,,,25.0,73.0,,,53.0,103.0,597,5.0,18.0,,13.0,23.0,8.0,25.0,,,22.0,38.0,28.0,22.0,,6.0,,,7.0,5.0,12.0,5.0,,2.0,1.0,29.0,5.0,20.0,6.0,27,15.0,48,27.0,75,7.0,5.0,2.0,9.0,3.0,6.0,15.0,3.0,24.0,3.0,6.0,30.0,49,3.0,4.0,72.0,27.0,9.0,11.0,8.0,3.0,11.0,7.0,38.0,221,6.0,0.56,0.6363636363636364,,,,,0.3424657534246575,0.2777777777777778,0.32,0.3424657534246575,0.2777777777777778,0.32,0.48130841121495327,0.4423076923076923,0.4523809523809524,,18.687589158345222,0.375,0.4838709677419355,0.14136125654450263,0.09345794392523364,0.08450704225352113,0.06329113924050633,0.12595419847328243,0.08532423208191127,0.10576923076923077,0.06557377049180328,,0.1527777777777778,0.1509433962264151,0.12121212121212122,0.1111111111111111,0.6363636363636364,0.684931506849315,0.34,0.4594594594594595,0.7058823529411765,0.3013698630136986,0.36363636363636365,0.36363636363636365,0.0136986301369863,,,,,,,,,0.9444444444444444,0.29411764705882354,,0.76,0.3684210526315789,,,,0.684931506849315,,0.5094671232876712,0.5716133333333333,0.5262159999999999,0.2755102040816326,0.2755102040816326,0.22330097087378642,0.36893203883495146,2.890410958904109,,0.3695652173913043,,,,,,,,13.0,,4.0,2.0,5.0,1.0,7.0,2.0,,,,,,1.0,,,0.1780821917808219,0.26,,,,0.07407407407407407,0.10204081632653061,0.07142857142857142,,0.14285714285714285,0.25,,,,,,,,,,,,,,0.2,,,,,True
760,1610612747,Jerome Kersey,Jerome Kersey,760,LAL,25842.0,431,97,811,813,312,317,117,1624,27.0,40.0,8.0,14.0,12.0,16.0,7.0,15.0,18.0,39.0,3.0,2.0,3.0,11.0,,2.0,5.0,52.0,94.0,3.0,14.0,23.0,136.0,829,9.0,18.0,,5.0,23.0,19.0,33.0,2.0,7.0,13.0,57.0,64.0,40.0,6.0,16.0,11.0,3.0,15.0,10.0,25.0,7.0,3.0,2.0,6.0,60.0,10.0,20.0,8.0,47,13.0,68,31.0,99,38.0,24.0,14.0,10.0,3.0,8.0,6.0,2.0,16.0,1.0,8.0,33.0,55,3.0,,40.0,14.0,7.0,16.0,13.0,2.0,17.0,10.0,57.0,312,5.0,0.6153846153846154,0.7272727272727273,0.6666666666666666,0.21428571428571427,0.2857142857142857,0.21428571428571427,0.5531914893617021,0.5,0.5757575757575758,0.5231481481481481,0.5,0.55,0.544,0.5227272727272727,0.5588235294117647,0.12962962962962962,14.904862579281183,0.625,0.29545454545454547,0.16206896551724137,0.07936507936507936,0.07476635514018691,0.10638297872340426,0.1385390428211587,0.08670520231213873,0.08181818181818182,0.11764705882352941,0.045454545454545456,0.19469026548672566,0.15384615384615385,0.12790697674418605,0.07865168539325842,0.5882352941176471,0.37037037037037035,0.675,0.6923076923076923,0.48148148148148145,0.1388888888888889,0.4666666666666667,0.5,0.3611111111111111,0.46153846153846156,0.46153846153846156,0.8888888888888888,0.027777777777777776,0.10185185185185185,0.2727272727272727,0.2727272727272727,0.6666666666666666,0.7777777777777778,0.5714285714285714,,0.4,0.75,0.05,0.125,0.4,0.5,0.2727272727272727,0.4755287037037037,0.5024466666666666,0.48801125,0.11864406779661017,0.1346153846153846,0.16911764705882354,0.41911764705882354,8.851063829787236,24.0,0.3847102342786683,,,,,,,3.0,2.0,,7.0,1.0,2.0,,,4.0,,,1.0,1.0,1.0,1.0,,,0.02127659574468085,0.025,0.06666666666666667,,,0.02564102564102564,0.04054054054054054,0.125,0.05555555555555555,0.041666666666666664,0.42857142857142855,,,,,,,,,,,,,,,2.0,,,,True
89,1610612747,Nick Van Exel,Nick Van Exel,89,LAL,50286.0,838,137,1612,1576,661,618,194,3188,37.0,83.0,4.0,4.0,16.0,34.0,13.0,43.0,19.0,48.0,19.0,11.0,47.0,113.0,8.0,18.0,40.0,69.0,174.0,53.0,132.0,66.0,363.0,1718,9.0,16.0,15.0,1.0,37.0,28.0,76.0,21.0,51.0,45.0,164.0,34.0,104.0,75.0,8.0,112.0,47.0,149.0,46.0,195.0,39.0,7.0,25.0,18.0,436.0,1.0,9.0,19.0,34,4.0,57,13.0,70,33.0,25.0,8.0,31.0,13.0,24.0,20.0,7.0,51.0,1.0,21.0,11.0,27,,2.0,81.0,18.0,19.0,5.0,4.0,1.0,5.0,3.0,164.0,661,8.0,0.2463768115942029,0.26153846153846155,0.4716981132075472,0.4015151515151515,0.4117647058823529,0.40458015267175573,0.39655172413793105,0.5625,0.3684210526315789,0.4852941176470588,0.5806451612903226,0.468503937007874,0.5262390670553936,0.5806451612903226,0.5326797385620915,0.43137254901960786,21.440261865793783,0.6078431372549019,0.05333333333333334,0.06007067137809187,0.018789144050104383,0.09743589743589744,0.005263157894736842,0.06964520367936924,0.014947683109118086,0.013392857142857142,0.030612244897959183,,0.05508474576271186,0.0670391061452514,0.059602649006622516,0.09032258064516129,0.6,0.27124183006535946,0.4457831325301205,0.4805194805194805,0.2702702702702703,0.14052287581699346,0.3023255813953488,0.3170731707317073,0.1568627450980392,0.3958333333333333,0.41304347826086957,0.21052631578947367,0.06209150326797386,0.369281045751634,0.415929203539823,0.415929203539823,0.425531914893617,0.12903225806451613,1.0,0.25806451612903225,0.2677165354330709,0.47058823529411764,0.08661417322834646,0.31496062992125984,0.45,0.7026143790849673,0.41964285714285715,0.5063896721311474,0.5027910714285714,0.48559404761904773,0.06172839506172839,0.09473684210526316,0.10192837465564739,0.45179063360881544,7.0183908045977015,23.693939393939395,0.4100496277915633,6.0,3.0,7.0,3.0,3.0,6.0,84.0,10.0,,106.0,3.0,6.0,2.0,2.0,2.0,3.0,2.0,,,,,0.4,,0.05747126436781609,0.07228915662650602,0.046511627906976744,0.041666666666666664,,0.0375,0.01910828025477707,0.006535947712418301,0.125,0.036585365853658534,0.23076923076923078,0.3157894736842105,0.3157894736842105,0.8333333333333334,0.22580645161290322,0.42857142857142855,0.6666666666666666,0.375,1.0,0.2727272727272727,0.014925373134328358,,,,,,1.0,,,True
965,1610612747,Derek Fisher,Derek Fisher,965,LAL,26419.0,440,8,851,858,286,234,132,1709,21.0,46.0,3.0,3.0,5.0,16.0,13.0,28.0,7.0,14.0,5.0,2.0,8.0,25.0,1.0,4.0,11.0,41.0,88.0,8.0,30.0,33.0,139.0,837,7.0,9.0,1.0,5.0,22.0,13.0,33.0,4.0,13.0,21.0,59.0,28.0,54.0,15.0,4.0,24.0,8.0,41.0,12.0,53.0,12.0,,8.0,10.0,118.0,2.0,8.0,10.0,22,3.0,35,11.0,46,14.0,13.0,1.0,15.0,6.0,14.0,13.0,1.0,28.0,1.0,8.0,9.0,33,,3.0,50.0,15.0,10.0,1.0,1.0,,2.0,2.0,59.0,286,5.0,0.34146341463414637,0.358974358974359,0.625,0.26666666666666666,0.3076923076923077,0.27586206896551724,0.4659090909090909,0.7777777777777778,0.3939393939393939,0.4491525423728814,0.85,0.41304347826086957,0.49642857142857144,0.7857142857142857,0.48360655737704916,0.2542372881355932,16.749750747756732,0.5357142857142857,0.07692307692307693,0.0707395498392283,0.025477707006369428,0.0970873786407767,0.02,0.07729468599033816,0.024154589371980676,0.019867549668874173,0.02531645569620253,0.08333333333333333,0.08527131782945736,0.07865168539325842,0.043010752688172046,0.08235294117647059,1.0,0.3898305084745763,0.45652173913043476,0.5675675675675675,0.23809523809523808,0.23728813559322035,0.4642857142857143,0.48148148148148145,0.11864406779661017,0.5,0.5,0.5714285714285714,0.0423728813559322,0.211864406779661,0.32,0.3333333333333333,0.625,0.3,1.0,0.1,0.34782608695652173,0.3125,0.043478260869565216,0.2391304347826087,0.36363636363636365,0.6440677966101694,0.3333333333333333,0.5049827586206898,0.4016875,0.4731454545454545,0.13076923076923078,0.15151515151515152,0.15827338129496402,0.4244604316546763,5.823863636363637,24.669999999999998,0.33607520564042304,,,,,1.0,1.0,9.0,10.0,1.0,23.0,1.0,2.0,3.0,,4.0,,2.0,1.0,1.0,,,1.0,0.03333333333333333,0.11363636363636363,0.1956521739130435,0.03571428571428571,,0.04,0.02127659574468085,0.03571428571428571,0.011363636363636364,0.16666666666666666,0.038461538461538464,0.38461538461538464,,,,,,,1.0,1.0,,0.06451612903225806,,,,,,1.0,1.0,,True
977,1610612747,Kobe Bryant,Kobe Bryant,977,LAL,16334.0,272,5,532,522,182,169,73,1054,21.0,46.0,6.0,10.0,4.0,11.0,8.0,15.0,6.0,26.0,,,13.0,35.0,2.0,3.0,15.0,35.0,87.0,13.0,35.0,29.0,138.0,535,7.0,12.0,2.0,2.0,16.0,10.0,26.0,3.0,15.0,20.0,49.0,26.0,44.0,27.0,8.0,35.0,13.0,19.0,9.0,28.0,9.0,,4.0,1.0,65.0,1.0,10.0,4.0,18,,22,12.0,34,10.0,7.0,3.0,14.0,1.0,11.0,15.0,3.0,29.0,5.0,7.0,13.0,29,1.0,3.0,45.0,14.0,7.0,4.0,2.0,1.0,5.0,2.0,49.0,182,2.0,0.37142857142857144,0.41935483870967744,0.6923076923076923,0.37142857142857144,0.2,0.37142857142857144,0.40229885057471265,0.5833333333333334,0.38461538461538464,0.44672131147540983,0.5,0.35365853658536583,0.4825174825174825,0.5333333333333333,0.44545454545454544,0.28688524590163933,28.013029315960914,0.4827586206896552,,0.09137055837563451,0.05235602094240838,0.06666666666666667,0.015625,0.08560311284046693,0.043137254901960784,0.056179775280898875,0.018518518518518517,,0.07142857142857142,0.10714285714285714,0.09859154929577464,0.08163265306122448,0.4,0.3770491803278688,0.45652173913043476,0.5384615384615384,0.42857142857142855,0.12295081967213115,0.5333333333333333,0.5333333333333333,0.21311475409836064,0.23076923076923078,0.24,,,0.28688524590163933,0.37142857142857144,0.37142857142857144,0.6923076923076923,0.7142857142857143,0.6,0.14285714285714285,0.2682926829268293,0.36363636363636365,,0.36585365853658536,0.2,0.6639344262295082,0.37142857142857144,0.5115823770491804,0.5495208333333333,0.48,0.11029411764705882,0.14,0.11594202898550725,0.35507246376811596,6.477011494252875,24.145714285714284,0.34210526315789475,,,,,,,12.0,8.0,,14.0,1.0,2.0,1.0,4.0,1.0,1.0,1.0,1.0,1.0,1.0,,,,0.09195402298850575,0.15217391304347827,,0.038461538461538464,,0.043478260869565216,0.08333333333333333,0.01818181818181818,,0.03125,0.5,,,,,,,,,,0.027777777777777776,,,2.0,0.3333333333333333,,,,,True
406,1610612747,Shaquille O'Neal,Shaquille O'Neal,406,LAL,35320.0,589,108,1127,1114,405,339,143,2241,125.0,173.0,20.0,28.0,42.0,61.0,63.0,133.0,2.0,5.0,,,,1.0,,,1.0,190.0,311.0,,1.0,64.0,444.0,1135,28.0,41.0,,15.0,71.0,62.0,105.0,,1.0,21.0,145.0,238.0,142.0,,32.0,1.0,,34.0,18.0,52.0,17.0,1.0,2.0,5.0,122.0,13.0,43.0,21.0,103,17.0,141,57.0,198,9.0,6.0,3.0,18.0,6.0,16.0,26.0,2.0,44.0,9.0,14.0,40.0,69,4.0,9.0,144.0,68.0,15.0,51.0,37.0,14.0,51.0,31.0,145.0,405,5.0,0.6263157894736842,0.6839080459770115,,,,,0.6109324758842444,0.6829268292682927,0.5904761904761905,0.6089743589743589,0.6829268292682927,0.5849056603773585,0.5951742627345844,0.6120689655172413,0.5410447761194029,0.003205128205128205,32.37577639751552,0.4090909090909091,0.425,0.23787528868360278,0.11977715877437325,0.1693548387096774,0.11206896551724138,0.22262118491921004,0.11789473684210526,0.14285714285714285,0.10144927536231885,0.0625,0.1893491124260355,0.24822695035460993,0.2926829268292683,0.15306122448979592,0.6078431372549019,0.5544871794871795,0.7225433526011561,0.7352941176470589,0.688,0.42628205128205127,0.47368421052631576,0.4772727272727273,0.016025641025641024,0.4,0.4,1.0,,0.003205128205128205,,,,0.6829268292682927,0.7142857142857143,,0.5754716981132075,0.6885245901639344,,0.009433962264150943,,0.5576923076923077,,0.47941330128205123,0.5159088235294119,0.47520518867924527,0.18994413407821228,0.19047619047619047,0.15990990990990991,0.32657657657657657,3.909324758842444,32.1,0.3593611357586513,,,,,,,,4.0,,27.0,1.0,11.0,1.0,7.0,22.0,,,,,,,,,0.012861736334405145,0.017341040462427744,0.007518796992481203,,,0.014492753623188406,0.09836065573770492,0.12,0.23076923076923078,0.09482758620689655,0.49206349206349204,,,,,,,,,,,,,1.0,0.15,1.0,,,,True
922,1610612747,Elden Campbell,Elden Campbell,922,LAL,44396.0,740,102,1390,1385,509,436,170,2775,68.0,128.0,19.0,32.0,21.0,41.0,49.0,104.0,7.0,11.0,1.0,1.0,1.0,1.0,,,,124.0,243.0,1.0,2.0,87.0,338.0,1449,24.0,40.0,,8.0,56.0,40.0,74.0,,1.0,34.0,114.0,160.0,88.0,3.0,22.0,1.0,1.0,29.0,15.0,44.0,13.0,2.0,5.0,2.0,103.0,10.0,38.0,30.0,89,19.0,138,53.0,191,7.0,5.0,2.0,18.0,1.0,13.0,18.0,5.0,36.0,7.0,17.0,57.0,100,13.0,5.0,132.0,49.0,19.0,35.0,25.0,8.0,36.0,23.0,114.0,509,12.0,0.6451612903225806,0.7079646017699115,1.0,0.5,,0.5,0.5102880658436214,0.6,0.5405405405405406,0.5122448979591837,0.6,0.5333333333333333,0.5504885993485342,0.6222222222222222,0.5876288659793815,0.00816326530612245,21.599496221662466,0.5,0.3114754098360656,0.16856060606060605,0.0871559633027523,0.17857142857142858,0.06172839506172839,0.17097701149425287,0.0802675585284281,0.14,0.03296703296703297,0.03125,0.13270142180094788,0.20625,0.17834394904458598,0.18840579710144928,0.6388888888888888,0.5224489795918368,0.53125,0.6071428571428571,0.6323529411764706,0.42448979591836733,0.47115384615384615,0.494949494949495,0.044897959183673466,0.6363636363636364,0.7,0.8571428571428571,0.004081632653061225,0.004081632653061225,1.0,1.0,1.0,0.8,0.59375,,0.5466666666666666,0.5121951219512195,0.013333333333333334,,,0.5306122448979592,1.0,0.46337510204081656,0.5292529411764706,0.459612,0.1701388888888889,0.17132867132867133,0.16568047337278108,0.33727810650887574,4.332510288065844,23.75,0.3661870503597122,,,,,,,,22.0,,22.0,5.0,11.0,3.0,6.0,6.0,,,1.0,1.0,2.0,1.0,,,0.09053497942386832,0.125,0.04807692307692308,0.09090909090909091,,0.07142857142857142,0.04827586206896552,0.06923076923076923,0.13333333333333333,0.11578947368421053,0.6326530612244898,,,,,,,,,,,,,1.0,0.21052631578947367,1.0,,,,True
45,1610612747,George McCloud,George McCloud,45,LAL,4958.0,83,8,168,162,78,58,22,330,,4.0,,2.0,,1.0,1.0,2.0,2.0,10.0,2.0,2.0,8.0,13.0,1.0,5.0,7.0,3.0,16.0,9.0,15.0,,33.0,163,,3.0,1.0,,,2.0,7.0,6.0,9.0,,22.0,4.0,2.0,27.0,,13.0,8.0,5.0,1.0,6.0,,1.0,1.0,1.0,13.0,1.0,1.0,2.0,9,2.0,13,2.0,15,2.0,2.0,,,,,2.0,,2.0,,1.0,2.0,9,,,,,,,,,,,22.0,78,3.0,0.6666666666666666,0.6666666666666666,1.0,0.6,0.6666666666666666,0.6,0.1875,,0.2857142857142857,0.532258064516129,,0.6875,0.532258064516129,,0.6875,0.4838709677419355,17.098445595854923,,0.25,0.16981132075471697,0.017241379310344827,0.11764705882352941,0.05555555555555555,0.15714285714285714,0.02631578947368421,,,,0.19047619047619047,0.2,0.11764705882352941,0.07692307692307693,,0.12903225806451613,,,,0.06451612903225806,0.5,0.5,0.3225806451612903,0.2,0.2,1.0,0.06451612903225806,0.41935483870967744,0.6153846153846154,0.6153846153846154,1.0,0.5,,0.25,0.0625,,0.125,0.4375,0.7142857142857143,0.6129032258064516,0.6153846153846154,0.49699354838709686,0.41103333333333336,0.48631875,,,,0.6666666666666666,12.65,23.833333333333332,0.4642857142857143,1.0,,,1.0,,,,,,3.0,,,1.0,,,,,,,,,,,,,,,,,0.05,0.07142857142857142,0.25,,,0.5,0.5,1.0,,,,,,0.5,,,,,,,,,,True
916,1610612747,Corie Blount,Corie Blount,916,LAL,18660.0,311,6,613,604,244,229,71,1217,28.0,44.0,6.0,13.0,8.0,11.0,5.0,9.0,1.0,6.0,,,,2.0,,,1.0,34.0,59.0,,2.0,18.0,86.0,647,6.0,13.0,,7.0,19.0,11.0,17.0,,1.0,7.0,29.0,50.0,18.0,,10.0,2.0,,7.0,1.0,8.0,1.0,,1.0,,17.0,2.0,28.0,13.0,30,6.0,49,32.0,81,8.0,7.0,1.0,6.0,1.0,6.0,6.0,,12.0,1.0,4.0,11.0,31,4.0,3.0,24.0,8.0,4.0,7.0,5.0,2.0,7.0,5.0,29.0,244,7.0,0.7352941176470589,0.8620689655172413,,,,,0.576271186440678,0.46153846153846156,0.6470588235294118,0.5573770491803278,0.46153846153846156,0.6111111111111112,0.589041095890411,0.5277777777777778,0.6304347826086957,0.03278688524590164,12.23021582733813,0.5,0.24,0.14084507042253522,0.14659685863874344,0.17105263157894737,0.03125,0.14878892733564014,0.11764705882352941,0.10843373493975904,0.17777777777777778,0.0625,0.13829787234042554,0.140625,0.14545454545454545,0.14754098360655737,0.7142857142857143,0.7213114754098361,0.6363636363636364,0.6666666666666666,0.75,0.14754098360655737,0.5555555555555556,0.625,0.09836065573770492,0.16666666666666666,0.16666666666666666,1.0,,0.03278688524590164,,,,1.0,0.46153846153846156,,0.6111111111111112,0.7272727272727273,,0.05555555555555555,,0.7540983606557377,,0.5551262295081967,0.5719454545454545,0.5466222222222221,0.11594202898550725,0.11940298507462686,0.22093023255813954,0.3372093023255814,3.252542372881356,24.65,0.39804241435562804,,,,,,,,3.0,,6.0,2.0,5.0,,1.0,,,,,,,,,,0.05084745762711865,0.045454545454545456,0.1111111111111111,,,0.08,0.1746031746031746,0.020833333333333332,0.26666666666666666,0.21739130434782608,0.6,,,,,,,,,,,,,,0.16666666666666666,,,,,True
969,1610612747,Travis Knight,Travis Knight,969,LAL,26456.0,441,71,850,838,307,271,110,1688,37.0,71.0,17.0,36.0,16.0,29.0,6.0,16.0,7.0,16.0,,,,,,,,50.0,103.0,,,23.0,123.0,857,18.0,39.0,,5.0,41.0,18.0,38.0,,,15.0,51.0,62.0,38.0,,32.0,,,14.0,3.0,17.0,3.0,,5.0,1.0,37.0,8.0,34.0,17.0,45,9.0,71,44.0,115,11.0,8.0,3.0,11.0,1.0,10.0,8.0,1.0,19.0,1.0,4.0,29.0,60,11.0,2.0,38.0,13.0,7.0,23.0,17.0,6.0,23.0,16.0,51.0,307,5.0,0.62,0.9117647058823529,,,,,0.4854368932038835,0.46153846153846156,0.47368421052631576,0.4854368932038835,0.46153846153846156,0.47368421052631576,0.5082644628099173,0.47674418604651164,0.5204081632653061,,14.241803278688526,0.5789473684210527,0.20454545454545456,0.14018691588785046,0.11683848797250859,0.18681318681318682,0.0975609756097561,0.15048543689320387,0.1126005361930295,0.14388489208633093,0.046153846153846156,0.3333333333333333,0.1323529411764706,0.125,0.16494845360824742,0.19480519480519481,0.6956521739130435,0.6893203883495146,0.5211267605633803,0.6166666666666667,0.5405405405405406,0.1553398058252427,0.375,0.42857142857142855,0.1553398058252427,0.4375,0.4375,0.8571428571428571,,,,,,0.9230769230769231,0.4722222222222222,,0.7631578947368421,0.5517241379310345,,,,0.6893203883495146,,0.5134475728155339,0.5516633333333333,0.5170736842105265,0.11403508771929824,0.11403508771929824,0.3333333333333333,0.4146341463414634,4.190291262135923,,0.3611764705882353,,,,,,,,13.0,,8.0,2.0,3.0,1.0,1.0,2.0,,,,,,,,,0.1262135922330097,0.15492957746478872,0.125,,,0.043478260869565216,0.12643678160919541,0.07894736842105263,0.14285714285714285,0.075,0.8333333333333334,,,,,,,,,,,,,,,1.0,,,1.0,True
1474,1610612747,Larry Krystkowiak,Larry Krystkowiak,1474,LAL,215.0,4,3,7,8,7,8,1,15,,,,,,,,,,1.0,,,,,,,,,1.0,,,,,2,,,,,,,1.0,,,,,,,,,,,,,,,,,,,,,,2,,2,,2,,,,,,,,,,,,1.0,1,,,,,,,,,,,,7,,,,,,,,,,,,,,,,,,12.5,,,0.6666666666666666,,,,0.5,,,,,,1.0,1.0,,,,,,,,,,1.0,,,,,,,,,,,,,,,,,,,0.3789,,0.3789,,,,,20.3,,1.0,,,,,,,,,,,,,,,,,,,,,,,,,,,,,,,,,,,,,,,,,,,,,,,,,,,,,True
170,1610612747,Joe Kleine,Joe Kleine,170,LAL,1116.0,19,-13,42,39,28,8,8,81,,1.0,,1.0,,,1.0,2.0,1.0,3.0,,,,,,,,2.0,6.0,,,,4.0,57,,2.0,,,,1.0,3.0,,,,2.0,2.0,2.0,,,,,,,,,,,,,,1.0,1.0,3,,4,1.0,5,,,,,,,,,,,,1.0,1,,,,,,,,,,,2.0,28,,0.5,0.5,,,,,0.3333333333333333,,0.3333333333333333,0.3333333333333333,,0.3333333333333333,0.3333333333333333,,0.3333333333333333,,11.538461538461538,,,0.25,0.058823529411764705,0.2,,0.23529411764705882,0.043478260869565216,,,,0.4,,0.2,0.25,,0.16666666666666666,,,,0.3333333333333333,0.5,0.5,0.5,0.3333333333333333,0.3333333333333333,1.0,,,,,,0.5,,,,,,,,0.16666666666666666,,0.42205000000000004,0.51255,0.38153333333333334,,,,0.5,12.816666666666668,,0.6666666666666666,,,,,,,,,,,,,,,,,,,,,,,,,,,,,,0.3333333333333333,,,,,,,,,,,,,,,,,,,,,,,True
76,1610612747,Cedric Ceballos,Cedric Ceballos,76,LAL,2901.0,48,-8,90,88,34,32,13,178,3.0,10.0,,1.0,1.0,2.0,,,1.0,2.0,1.0,1.0,1.0,2.0,,,,4.0,12.0,1.0,3.0,3.0,14.0,83,,1.0,,,,2.0,3.0,,1.0,1.0,5.0,8.0,,3.0,,2.0,1.0,1.0,,1.0,,,,,2.0,1.0,3.0,,5,1.0,6,4.0,10,1.0,1.0,,1.0,2.0,1.0,3.0,,4.0,2.0,2.0,,4,1.0,1.0,4.0,1.0,1.0,1.0,1.0,,1.0,1.0,5.0,34,,1.0,1.0,1.0,0.3333333333333333,,0.3333333333333333,0.3333333333333333,,0.6666666666666666,0.36666666666666664,,0.5,0.4117647058823529,,0.5,0.2,19.626168224299064,0.25,0.3333333333333333,0.1282051282051282,0.0967741935483871,,0.07142857142857142,0.09259259259259259,0.08888888888888889,0.08333333333333333,,,0.05263157894736842,0.2,0.2,,1.0,0.6666666666666666,0.3,0.3333333333333333,1.0,,,,0.13333333333333333,0.5,0.5,1.0,0.06666666666666667,0.13333333333333333,0.5,0.5,1.0,1.0,,,0.5,0.5,0.25,,,0.8666666666666667,0.5,0.54179,0.5469,0.5080875,0.0625,0.07692307692307693,,0.35714285714285715,2.9250000000000003,25.03333333333333,0.37777777777777777,,,,,,,,1.0,,1.0,,2.0,,,,,,,,,,,,0.08333333333333333,0.1,,,,,0.16666666666666666,0.1,,0.2222222222222222,,,,,,,,,,,,,,,,,,,,True
716,1610612747,Rumeal Robinson,Rumeal Robinson,716,LAL,363.0,6,4,14,13,8,8,2,27,,,,,,,,,,1.0,,,,,,,,,1.0,,,2.0,2.0,11,,,,1.0,1.0,,1.0,,,2.0,2.0,,,,,,,,1.0,1.0,1.0,,,,3.0,,,,1,,1,1.0,2,,,,,,,,,,,,1.0,1,,,4.0,,2.0,,,,,,2.0,8,,,,,,,,,,,,,,0.3333333333333333,0.5,0.3333333333333333,,18.75,,,0.16666666666666666,,,,0.1111111111111111,,,,,1.0,,,,,,,,,,,,1.0,,,,,,,,,,,,,,,,,,,0.4425,,0.4425,,,0.5,1.0,15.1,,0.5714285714285714,,,,,,,,,,,1.0,,,,,,,,,,,,,,,,,,0.5,,,,,,,,,,,,,,,,,,,,,,,,True
109,1610612747,Robert Horry,Robert Horry,109,LAL,30929.0,515,102,1004,998,321,317,145,2002,25.0,38.0,9.0,12.0,11.0,12.0,6.0,12.0,11.0,19.0,3.0,1.0,19.0,57.0,6.0,4.0,16.0,42.0,69.0,21.0,60.0,20.0,167.0,1037,11.0,15.0,7.0,3.0,31.0,15.0,18.0,5.0,17.0,12.0,57.0,62.0,22.0,57.0,12.0,57.0,19.0,39.0,6.0,45.0,4.0,2.0,8.0,3.0,96.0,7.0,10.0,9.0,59,6.0,74,20.0,94,31.0,25.0,6.0,10.0,3.0,5.0,3.0,5.0,13.0,1.0,4.0,26.0,45,1.0,,30.0,14.0,4.0,22.0,17.0,5.0,23.0,13.0,57.0,321,3.0,0.7380952380952381,0.8611111111111112,0.9047619047619048,0.35,0.29411764705882354,0.35,0.6086956521739131,0.7333333333333333,0.8333333333333334,0.5697674418604651,0.6363636363636364,0.6428571428571429,0.5921985815602837,0.6458333333333334,0.6951219512195121,0.46511627906976744,13.039796782387807,0.7692307692307693,0.18181818181818182,0.16298342541436464,0.029940119760479042,0.09574468085106383,0.05263157894736842,0.14912280701754385,0.03640256959314775,0.03125,0.03278688524590164,,0.14189189189189189,0.20168067226890757,0.14736842105263157,0.0759493670886076,0.5652173913043478,0.29457364341085274,0.6578947368421053,0.7142857142857143,0.72,0.09302325581395349,0.5,0.5454545454545454,0.14728682170542637,0.5789473684210527,0.5789473684210527,0.8181818181818182,0.023255813953488372,0.4418604651162791,0.3333333333333333,0.3392857142857143,0.8947368421052632,0.5454545454545454,0.75,0.2727272727272727,0.34285714285714286,0.9166666666666666,0.02857142857142857,0.45714285714285713,0.25,0.7596899224806202,0.3333333333333333,0.5419294573643411,0.55894375,0.5563714285714286,0.10218978102189781,0.18181818181818182,0.18562874251497005,0.3413173652694611,6.595652173913044,24.013333333333335,0.3197211155378486,2.0,1.0,1.0,1.0,1.0,2.0,6.0,4.0,1.0,28.0,3.0,1.0,,,6.0,,,1.0,1.0,,,0.2857142857142857,0.016666666666666666,0.057971014492753624,0.07894736842105263,0.08333333333333333,,0.017543859649122806,0.08571428571428572,0.02654867256637168,0.056451612903225805,0.2,0.016666666666666666,0.6666666666666666,0.6666666666666666,0.6666666666666666,1.0,0.045454545454545456,1.0,1.0,0.16666666666666666,,1.0,,,,,0.3333333333333333,,,,,False
170,1610612747,Joe Kleine,Joe Kleine,170,LAL,573.0,10,-6,18,20,18,10,4,38,,,,,,,,,,,,,,,,,,,,,,2.0,2.0,22,,,,2.0,2.0,,,,,2.0,2.0,,,,,,,,,,,,,,,,1.0,,2,1.0,3,1.0,4,,,,,,,,,,,,2.0,4,,,2.0,1.0,,,,,,,2.0,18,2.0,,,,,,,,,,,,,1.0,1.0,1.0,,4.3478260869565215,,1.0,0.5,0.16666666666666666,,,0.3333333333333333,0.1,0.3333333333333333,,,,,0.5,,,,,,,,,,,,,,,,,,,,,,,,,,,,,,,,1.0,1.0,1.0,1.0,,,1.0,,,,,,,,,,,,,,,,,,,,,,,,,,,,,,,,,,,,,,,,,,,,,,,,,,,,,False
224,1610612747,Eddie Jones,Eddie Jones,224,LAL,124613.0,2077,101,3940,3953,1070,1025,566,7893,170.0,292.0,26.0,47.0,50.0,85.0,28.0,83.0,37.0,105.0,49.0,10.0,77.0,209.0,17.0,12.0,42.0,235.0,480.0,99.0,258.0,158.0,925.0,4087,33.0,65.0,21.0,17.0,101.0,60.0,130.0,15.0,52.0,82.0,247.0,256.0,214.0,240.0,40.0,209.0,77.0,155.0,28.0,183.0,26.0,2.0,50.0,18.0,394.0,22.0,39.0,42.0,107,1.0,150,63.0,213,128.0,104.0,24.0,53.0,14.0,40.0,51.0,13.0,104.0,9.0,23.0,53.0,157,4.0,12.0,201.0,76.0,24.0,27.0,18.0,7.0,33.0,20.0,247.0,1070,28.0,0.5446808510638298,0.5953488372093023,0.8080808080808081,0.38372093023255816,0.28846153846153844,0.38372093023255816,0.4895833333333333,0.5076923076923077,0.46153846153846156,0.5196476964769647,0.4883720930232558,0.4532967032967033,0.5562953995157385,0.5154639175257731,0.532608695652174,0.34959349593495936,20.112456747404842,0.5096153846153846,0.008,0.0739972337482711,0.02744546094299789,0.10120481927710843,0.047109207708779445,0.0800644814615798,0.0323093220338983,0.030534351145038167,0.017241379310344827,0.07692307692307693,0.06565656565656566,0.07221006564551423,0.08860759493670886,0.10764872521246459,0.6060606060606061,0.3956639566395664,0.5821917808219178,0.6746031746031746,0.5823529411764706,0.11246612466124661,0.3373493975903614,0.3684210526315789,0.14227642276422764,0.3523809523809524,0.3557692307692308,0.5135135135135135,0.06639566395663957,0.28319783197831977,0.3684210526315789,0.3701923076923077,0.8051948051948052,0.5465116279069767,0.5531914893617021,0.19767441860465115,0.46703296703296704,0.5882352941176471,0.054945054945054944,0.23076923076923078,0.2857142857142857,0.7452574525745257,0.3684210526315789,0.5476157181571817,0.5212222222222223,0.5468354395604396,0.09476309226932668,0.13970588235294118,0.10918918918918918,0.267027027027027,5.557083333333333,23.835658914728683,0.2715736040609137,22.0,1.0,4.0,3.0,5.0,6.0,57.0,48.0,1.0,87.0,2.0,15.0,5.0,13.0,12.0,9.0,,6.0,6.0,2.0,,0.2857142857142857,0.003875968992248062,0.1,0.136986301369863,0.08433734939759036,0.009523809523809525,0.004784688995215311,0.011363636363636364,0.029411764705882353,0.04228855721393035,0.06451612903225806,0.042735042735042736,0.35714285714285715,0.4489795918367347,0.4489795918367347,0.8181818181818182,0.046511627906976744,0.25,1.0,0.29411764705882354,0.6,0.3,,,,,0.038461538461538464,1.0,,,,False
760,1610612747,Jerome Kersey,Jerome Kersey,760,LAL,77589.0,1293,70,2456,2473,652,671,366,4929,57.0,126.0,18.0,54.0,17.0,40.0,10.0,27.0,56.0,127.0,7.0,,11.0,38.0,1.0,1.0,9.0,123.0,280.0,12.0,45.0,46.0,328.0,2533,28.0,77.0,2.0,13.0,72.0,31.0,73.0,1.0,9.0,28.0,93.0,174.0,72.0,33.0,32.0,38.0,11.0,47.0,14.0,61.0,12.0,2.0,8.0,8.0,136.0,24.0,46.0,31.0,127,20.0,178,78.0,256,81.0,52.0,29.0,35.0,3.0,26.0,20.0,9.0,55.0,9.0,13.0,76.0,155,14.0,4.0,74.0,29.0,10.0,31.0,25.0,6.0,32.0,19.0,93.0,652,24.0,0.7073170731707317,0.8130841121495327,0.9166666666666666,0.26666666666666666,0.1111111111111111,0.26666666666666666,0.4392857142857143,0.36363636363636365,0.4246575342465753,0.4338461538461538,0.37341772151898733,0.39634146341463417,0.4581005586592179,0.4090909090909091,0.465,0.13846153846153847,14.19731866620832,0.6363636363636364,0.24691358024691357,0.14514285714285713,0.048728813559322036,0.12449799196787148,0.08955223880597014,0.14056939501779359,0.057755775577557754,0.07635467980295567,0.0330188679245283,0.03225806451612903,0.14,0.15517241379310345,0.14042553191489363,0.12903225806451613,0.59375,0.38769230769230767,0.4523809523809524,0.5229357798165137,0.49122807017543857,0.08307692307692308,0.37037037037037035,0.37037037037037035,0.39076923076923076,0.4409448818897638,0.4409448818897638,0.9107142857142857,0.021538461538461538,0.11692307692307692,0.2894736842105263,0.2894736842105263,0.9090909090909091,0.6835443037974683,0.3333333333333333,0.012658227848101266,0.4878048780487805,0.425,,0.10975609756097561,0.1111111111111111,0.5261538461538462,0.2894736842105263,0.4936395384615386,0.50740078125,0.48570243902439003,0.08333333333333333,0.09570957095709572,0.21951219512195122,0.28353658536585363,8.907142857142855,24.095555555555556,0.26547231270358307,1.0,1.0,1.0,,,1.0,3.0,17.0,,31.0,8.0,9.0,4.0,5.0,6.0,,,1.0,1.0,,,0.5,,0.060714285714285714,0.1349206349206349,,,,0.06837606837606838,0.024539877300613498,0.0970464135021097,0.09375,0.05421686746987952,0.8,0.14285714285714285,0.14285714285714285,1.0,0.012658227848101266,1.0,1.0,,,,,1.0,,,0.05555555555555555,2.0,,,,False
89,1610612747,Nick Van Exel,Nick Van Exel,89,LAL,115874.0,1931,73,3667,3669,1026,982,534,7336,82.0,176.0,4.0,13.0,18.0,53.0,43.0,102.0,43.0,116.0,28.0,7.0,104.0,282.0,16.0,30.0,94.0,168.0,394.0,118.0,310.0,90.0,780.0,3860,10.0,27.0,17.0,3.0,29.0,40.0,114.0,35.0,101.0,45.0,230.0,84.0,252.0,159.0,6.0,277.0,104.0,345.0,73.0,418.0,53.0,20.0,78.0,47.0,909.0,6.0,23.0,25.0,76,6.0,107,29.0,136,39.0,32.0,7.0,89.0,38.0,73.0,64.0,16.0,153.0,5.0,41.0,26.0,78,,3.0,109.0,33.0,14.0,5.0,3.0,2.0,5.0,2.0,230.0,1026,9.0,0.25,0.2545454545454545,0.4491525423728814,0.38064516129032255,0.3465346534653465,0.38688524590163936,0.4263959390862944,0.37037037037037035,0.3508771929824561,0.4900568181818182,0.29545454545454547,0.43023255813953487,0.5147255689424364,0.3111111111111111,0.4810924369747899,0.4403409090909091,20.839128419100604,0.5816993464052288,0.05084745762711865,0.05654761904761905,0.016999260901699925,0.06493506493506493,0.013888888888888888,0.05841526894158473,0.016246498599439777,0.022690437601296597,0.018315018315018316,0.017543859649122806,0.04395604395604396,0.06192660550458716,0.06906077348066299,0.07033639143730887,0.4,0.25,0.4659090909090909,0.5093167701863354,0.3170731707317073,0.14488636363636365,0.4215686274509804,0.4479166666666667,0.16477272727272727,0.3706896551724138,0.3805309734513274,0.18604651162790697,0.03977272727272727,0.4005681818181818,0.36879432624113473,0.37142857142857144,0.4230769230769231,0.29545454545454547,0.3076923076923077,0.36363636363636365,0.24651162790697675,0.33962264150943394,0.03255813953488372,0.4372093023255814,0.3191489361702128,0.6903409090909091,0.37545126353790614,0.5341267575322811,0.5107757142857142,0.5184901913875597,0.04911323328785812,0.07838479809976247,0.03717948717948718,0.2948717948717949,7.575634517766499,24.131612903225804,0.27979274611398963,14.0,,1.0,5.0,2.0,2.0,195.0,24.0,2.0,220.0,,12.0,9.0,10.0,6.0,14.0,3.0,,,,,0.11764705882352941,0.0064516129032258064,0.06091370558375635,0.08522727272727272,0.058823529411764705,0.02586206896551724,0.0070921985815602835,,0.008639308855291577,0.013333333333333334,0.034482758620689655,0.031413612565445025,0.18604651162790697,0.5,0.5,0.6428571428571429,0.022727272727272728,,,0.125,0.5,0.7142857142857143,0.009615384615384616,1.0,,,0.25,,5.0,1.0,,False
965,1610612747,Derek Fisher,Derek Fisher,965,LAL,27777.0,463,72,917,931,347,306,116,1848,21.0,57.0,3.0,7.0,7.0,18.0,11.0,25.0,8.0,17.0,3.0,1.0,13.0,39.0,1.0,7.0,21.0,40.0,99.0,14.0,42.0,46.0,168.0,881,3.0,8.0,1.0,,6.0,13.0,33.0,8.0,22.0,31.0,81.0,28.0,52.0,36.0,6.0,38.0,13.0,55.0,10.0,65.0,8.0,2.0,8.0,9.0,140.0,,13.0,10.0,24,1.0,35,13.0,48,26.0,21.0,5.0,29.0,3.0,22.0,10.0,7.0,39.0,5.0,14.0,15.0,54,2.0,5.0,70.0,23.0,13.0,3.0,1.0,,3.0,2.0,81.0,347,9.0,0.35,0.3783783783783784,0.8571428571428571,0.3333333333333333,0.36363636363636365,0.34146341463414637,0.40404040404040403,0.375,0.3939393939393939,0.4326241134751773,0.3333333333333333,0.45454545454545453,0.48,0.3333333333333333,0.5328947368421053,0.2978723404255319,20.22792022792023,0.7435897435897436,0.023255813953488372,0.07476635514018691,0.044673539518900345,0.10309278350515463,,0.08133971291866028,0.03359173126614987,0.04,,,0.07194244604316546,0.05,0.09803921568627451,0.08139534883720931,0.6666666666666666,0.40425531914893614,0.3684210526315789,0.42857142857142855,0.47619047619047616,0.1773049645390071,0.44,0.4583333333333333,0.12056737588652482,0.47058823529411764,0.5,0.375,0.02127659574468085,0.2765957446808511,0.3333333333333333,0.3333333333333333,0.8461538461538461,0.7777777777777778,0.42857142857142855,0.1111111111111111,0.32727272727272727,0.3888888888888889,0.01818181818181818,0.38181818181818183,0.3333333333333333,0.7021276595744681,0.34210526315789475,0.5190140287769784,0.5446666666666667,0.5160915094339623,0.1419753086419753,0.19166666666666668,0.03571428571428571,0.48214285714285715,5.402020202020202,24.804761904761904,0.37840785169029445,1.0,,,1.0,,,6.0,10.0,,38.0,,7.0,1.0,1.0,2.0,,,,,2.0,,,,0.10101010101010101,0.14035087719298245,0.04,0.058823529411764705,,,0.08536585365853659,,0.2727272727272727,0.10144927536231885,0.09090909090909091,0.3333333333333333,0.3333333333333333,1.0,,,,,,1.0,,,,,,,1.0,,,False
922,1610612747,Elden Campbell,Elden Campbell,922,LAL,98978.0,1650,54,3116,3131,757,645,453,6247,160.0,296.0,42.0,90.0,44.0,78.0,133.0,309.0,10.0,44.0,,,,2.0,,,,303.0,649.0,,2.0,164.0,770.0,3256,61.0,120.0,,25.0,147.0,67.0,136.0,,,60.0,194.0,386.0,220.0,,52.0,2.0,,59.0,21.0,80.0,19.0,2.0,5.0,13.0,181.0,27.0,97.0,56.0,174,22.0,252,135.0,387,38.0,33.0,5.0,43.0,12.0,28.0,48.0,15.0,91.0,9.0,22.0,92.0,167,21.0,12.0,219.0,96.0,23.0,76.0,47.0,23.0,78.0,51.0,194.0,757,8.0,0.636963696369637,0.6967509025270758,,,,,0.46687211093990755,0.5083333333333333,0.49264705882352944,0.46543778801843316,0.5083333333333333,0.49264705882352944,0.5133333333333333,0.5364963503649635,0.5606936416184971,0.0030721966205837174,22.96559257236483,0.4725274725274725,0.24444444444444444,0.147083685545224,0.08199492814877431,0.16766467065868262,0.07605633802816901,0.15161502966381016,0.08062418725617686,0.09176029962546817,0.04583333333333333,0.08333333333333333,0.13541666666666666,0.16666666666666666,0.142433234421365,0.18118466898954705,0.6538461538461539,0.45468509984639016,0.5405405405405406,0.6106870229007634,0.65625,0.47465437788018433,0.43042071197411,0.4478114478114478,0.06758832565284179,0.22727272727272727,0.22727272727272727,0.8,,0.0030721966205837174,,,,0.75,0.4666666666666667,,0.5735294117647058,0.5641025641025641,,,,0.4577572964669739,,0.46630230414746543,0.5360298969072165,0.48375220588235285,0.13204951856946354,0.13241379310344828,0.19090909090909092,0.2519480519480519,5.270416024653311,24.1,0.24293966623876764,,,,,,,,46.0,,41.0,11.0,29.0,5.0,13.0,20.0,,,2.0,2.0,6.0,1.0,,,0.07087827426810478,0.11486486486486487,0.038834951456310676,,,0.08661417322834646,0.09046454767726161,0.0749185667752443,0.0851063829787234,0.09602649006622517,0.6015037593984962,,,,,,,,,,,,,,0.30952380952380953,3.0,,,,False
969,1610612747,Travis Knight,Travis Knight,969,LAL,39645.0,661,29,1285,1290,400,401,172,2575,63.0,105.0,23.0,49.0,24.0,37.0,9.0,19.0,10.0,32.0,,,,,,,,82.0,156.0,,,36.0,200.0,1346,24.0,53.0,,5.0,53.0,28.0,49.0,,,13.0,69.0,122.0,42.0,,32.0,,,15.0,6.0,21.0,6.0,,5.0,4.0,48.0,5.0,63.0,12.0,87,12.0,111,71.0,182,18.0,14.0,4.0,12.0,2.0,9.0,17.0,3.0,29.0,4.0,9.0,43.0,103,17.0,5.0,56.0,29.0,2.0,31.0,26.0,3.0,32.0,23.0,69.0,400,20.0,0.7439024390243902,0.9242424242424242,,,,,0.5256410256410257,0.4528301886792453,0.5714285714285714,0.5256410256410257,0.4528301886792453,0.5714285714285714,0.5524861878453039,0.4649122807017544,0.575,,14.11290322580645,0.41379310344827586,0.2553191489361702,0.18087318087318088,0.13548387096774195,0.096,0.03355704697986577,0.16336633663366337,0.11074918566775244,0.18357487922705315,0.09615384615384616,,0.1642512077294686,0.19047619047619047,0.19594594594594594,0.09345794392523364,0.71875,0.6730769230769231,0.6,0.6774193548387096,0.7142857142857143,0.12179487179487179,0.47368421052631576,0.47368421052631576,0.20512820512820512,0.3125,0.3125,1.0,,,,,,0.9245283018867925,0.46938775510204084,,0.7551020408163265,0.6486486486486487,,,,0.6730769230769231,,0.521227564102564,0.5425489361702127,0.5264591836734693,0.16201117318435754,0.16201117318435754,0.265,0.345,4.804487179487179,,0.311284046692607,,,,,,,,12.0,,6.0,3.0,6.0,4.0,2.0,6.0,,,1.0,1.0,2.0,1.0,,,0.07692307692307693,0.11428571428571428,,,,0.06,0.09740259740259741,0.03816793893129771,0.1111111111111111,0.09836065573770492,0.6666666666666666,,,,,,,,,,,,,,0.2608695652173913,1.0,,,,False
977,1610612747,Kobe Bryant,Kobe Bryant,977,LAL,44276.0,738,35,1443,1451,586,561,207,2894,47.0,103.0,6.0,19.0,26.0,52.0,11.0,34.0,18.0,41.0,10.0,6.0,30.0,80.0,4.0,11.0,36.0,76.0,178.0,33.0,90.0,94.0,345.0,1500,7.0,22.0,4.0,14.0,31.0,38.0,82.0,13.0,42.0,48.0,163.0,62.0,90.0,78.0,8.0,80.0,30.0,44.0,7.0,51.0,6.0,1.0,14.0,6.0,109.0,8.0,21.0,11.0,43,1.0,55,29.0,84,36.0,25.0,11.0,38.0,2.0,26.0,34.0,12.0,72.0,3.0,27.0,26.0,67,1.0,5.0,107.0,38.0,14.0,16.0,8.0,7.0,18.0,14.0,163.0,586,10.0,0.40789473684210525,0.4305555555555556,0.7878787878787878,0.36666666666666664,0.30952380952380953,0.36666666666666664,0.42696629213483145,0.3181818181818182,0.4634146341463415,0.46828358208955223,0.3269230769230769,0.4637096774193548,0.5410094637223974,0.45588235294117646,0.5469798657718121,0.3358208955223881,23.178016726403825,0.5277777777777778,0.01694915254237288,0.08565737051792828,0.043209876543209874,0.06790123456790123,0.045454545454545456,0.08132530120481928,0.04380664652567976,0.052,0.06521739130434782,0.125,0.1004566210045662,0.05442176870748299,0.09558823529411764,0.07042253521126761,0.7777777777777778,0.3843283582089552,0.4563106796116505,0.5164835164835165,0.44680851063829785,0.12686567164179105,0.3235294117647059,0.34375,0.15298507462686567,0.43902439024390244,0.46153846153846156,0.3888888888888889,0.03731343283582089,0.29850746268656714,0.375,0.375,0.7666666666666667,0.7307692307692307,0.3157894736842105,0.15384615384615385,0.41935483870967744,0.5,0.04838709677419355,0.2903225806451613,0.3055555555555556,0.7201492537313433,0.375,0.5260445895522389,0.5395394736842105,0.5161221774193547,0.132013201320132,0.18009478672985782,0.08985507246376812,0.47246376811594204,5.724157303370785,23.80888888888889,0.4060984060984061,3.0,,,2.0,1.0,1.0,21.0,16.0,,24.0,,4.0,6.0,15.0,5.0,2.0,2.0,2.0,2.0,1.0,,0.25,,0.0898876404494382,0.11650485436893204,0.058823529411764705,0.04878048780487805,,,0.013888888888888888,0.0375,0.05,0.02857142857142857,0.2727272727272727,0.3,0.3,1.0,,,,0.25,1.0,0.3333333333333333,0.021739130434782608,,,,0.16666666666666666,,,,,False
399,1610612747,Sean Rooks,Sean Rooks,399,LAL,24076.0,401,27,805,810,327,358,92,1615,37.0,62.0,6.0,14.0,12.0,19.0,24.0,41.0,,2.0,,,,1.0,,,1.0,61.0,105.0,,1.0,38.0,160.0,803,6.0,15.0,,14.0,26.0,18.0,29.0,,1.0,19.0,55.0,94.0,28.0,,12.0,1.0,,18.0,12.0,30.0,9.0,3.0,1.0,3.0,72.0,5.0,23.0,12.0,37,9.0,58,28.0,86,10.0,9.0,1.0,12.0,2.0,9.0,15.0,3.0,27.0,2.0,10.0,47.0,67,5.0,6.0,58.0,30.0,5.0,25.0,19.0,5.0,25.0,13.0,55.0,327,5.0,0.7704918032786885,0.8545454545454545,,,,,0.580952380952381,0.4,0.6206896551724138,0.5754716981132075,0.4,0.6,0.6201550387596899,0.5652173913043478,0.6707317073170732,0.009433962264150943,17.067833698030633,0.4444444444444444,0.25,0.137546468401487,0.092,0.12903225806451613,0.056179775280898875,0.13535911602209943,0.08259587020648967,0.1092436974789916,0.047619047619047616,,0.14782608695652175,0.14942528735632185,0.1044776119402985,0.15584415584415584,0.52,0.5849056603773585,0.5967741935483871,0.7872340425531915,0.7567567567567568,0.3867924528301887,0.5853658536585366,0.6153846153846154,0.018867924528301886,,,,,0.009433962264150943,,,,0.9333333333333333,0.42857142857142855,,0.6333333333333333,0.631578947368421,,0.03333333333333333,,0.5943396226415094,,0.4761018867924529,0.532876923076923,0.45725000000000005,0.24193548387096775,0.24390243902439024,0.1625,0.34375,3.4047619047619047,29.8,0.4062111801242236,,,,,,,,18.0,,14.0,,1.0,1.0,1.0,12.0,,,,,1.0,,,,0.17142857142857143,0.24193548387096775,0.04878048780487805,0.5,,,0.10294117647058823,0.06329113924050633,,0.038461538461538464,0.7916666666666666,,,,,,,,,,,,,1.0,,3.0,,,,False
45,1610612747,George McCloud,George McCloud,45,LAL,12066.0,201,-17,385,388,112,99,51,773,4.0,10.0,1.0,3.0,,1.0,2.0,7.0,4.0,14.0,5.0,2.0,9.0,29.0,1.0,4.0,9.0,10.0,31.0,12.0,34.0,6.0,62.0,407,4.0,7.0,1.0,,8.0,1.0,5.0,6.0,11.0,3.0,23.0,18.0,2.0,36.0,2.0,29.0,9.0,10.0,1.0,11.0,1.0,,5.0,1.0,23.0,1.0,4.0,6.0,7,3.0,16,5.0,21,7.0,2.0,5.0,4.0,1.0,2.0,3.0,2.0,7.0,,2.0,6.0,11,,,9.0,3.0,1.0,,,,,,23.0,112,2.0,0.9,1.0,1.0,0.35294117647058826,0.5454545454545454,0.35294117647058826,0.3225806451612903,0.5714285714285714,0.2,0.4307692307692308,0.5,0.625,0.4420289855072464,0.5,0.6052631578947368,0.5230769230769231,17.002237136465325,0.5714285714285714,0.2727272727272727,0.0546875,0.028169014084507043,0.1276595744680851,0.017543859649122806,0.07428571428571429,0.02512562814070352,0.030303030303030304,0.03125,,0.03333333333333333,0.05714285714285714,0.09090909090909091,0.11627906976744186,,0.15384615384615385,0.4,0.5714285714285714,1.0,0.1076923076923077,0.2857142857142857,0.2857142857142857,0.2153846153846154,0.2857142857142857,0.3333333333333333,1.0,0.07692307692307693,0.4461538461538462,0.3103448275862069,0.3103448275862069,1.0,0.375,0.3333333333333333,0.125,0.0625,,0.125,0.5625,0.4444444444444444,0.676923076923077,0.3103448275862069,0.525326923076923,0.5332785714285714,0.5185531250000001,0.04411764705882353,0.08823529411764706,0.12903225806451613,0.3709677419354839,10.596774193548388,23.520588235294117,0.2909090909090909,3.0,,,2.0,,,,5.0,,4.0,,1.0,2.0,,,1.0,,,,,,,,0.16129032258064516,0.3,,0.14285714285714285,,,0.022727272727272728,0.019230769230769232,0.25,0.02702702702702703,0.5,0.6,0.6,1.0,,,,,,1.0,,,,,1.0,,,,,False
916,1610612747,Corie Blount,Corie Blount,916,LAL,40463.0,674,-7,1281,1291,452,412,185,2572,44.0,77.0,8.0,26.0,13.0,26.0,6.0,23.0,6.0,15.0,1.0,1.0,,,,,,56.0,115.0,1.0,1.0,38.0,153.0,1307,11.0,31.0,,9.0,31.0,16.0,34.0,1.0,1.0,17.0,52.0,90.0,22.0,,16.0,,,19.0,8.0,27.0,7.0,1.0,4.0,7.0,62.0,23.0,54.0,26.0,75,12.0,113,80.0,193,14.0,9.0,5.0,16.0,3.0,10.0,20.0,6.0,36.0,6.0,8.0,43.0,86,5.0,5.0,58.0,23.0,8.0,18.0,14.0,4.0,18.0,12.0,52.0,452,7.0,0.8035714285714286,0.9375,,1.0,1.0,1.0,0.48695652173913045,0.3548387096774194,0.47058823529411764,0.4956896551724138,0.3548387096774194,0.5,0.534965034965035,0.4189189189189189,0.5306122448979592,0.008620689655172414,11.87002652519894,0.4444444444444444,0.2727272727272727,0.15991471215351813,0.11587982832618025,0.1780821917808219,0.14743589743589744,0.16422764227642275,0.12379421221864952,0.14864864864864866,0.10416666666666667,0.25,0.13636363636363635,0.18181818181818182,0.16981132075471697,0.19047619047619047,0.6666666666666666,0.6637931034482759,0.5714285714285714,0.6197183098591549,0.7954545454545454,0.19827586206896552,0.2608695652173913,0.2608695652173913,0.12931034482758622,0.4,0.4,1.0,0.008620689655172414,,,,,0.8387096774193549,0.3076923076923077,,0.7428571428571429,0.5,0.02857142857142857,,,0.6724137931034483,,0.5226400862068966,0.539664,0.538892857142857,0.17037037037037037,0.17164179104477612,0.20261437908496732,0.33986928104575165,3.879130434782609,23.2,0.35284933645589384,1.0,,,1.0,,,3.0,6.0,,8.0,3.0,4.0,4.0,2.0,4.0,,,,,,1.0,,,0.05217391304347826,0.07792207792207792,,,,0.061224489795918366,0.07432432432432433,0.12878787878787878,0.1,0.07547169811320754,0.6666666666666666,1.0,1.0,,,,,,,1.0,,,,1.0,,3.0,,,,False
406,1610612747,Shaquille O'Neal,Shaquille O'Neal,406,LAL,71079.0,1185,145,2241,2250,643,614,316,4491,219.0,345.0,55.0,83.0,70.0,108.0,88.0,237.0,3.0,12.0,,,,3.0,,,3.0,310.0,594.0,,3.0,156.0,776.0,2327,65.0,106.0,,37.0,167.0,89.0,167.0,,3.0,64.0,242.0,372.0,248.0,,82.0,1.0,,68.0,29.0,97.0,26.0,3.0,7.0,10.0,223.0,23.0,95.0,54.0,182,30.0,266,119.0,385,33.0,19.0,14.0,39.0,10.0,30.0,49.0,9.0,88.0,11.0,17.0,59.0,94,6.0,10.0,310.0,146.0,29.0,79.0,58.0,20.0,79.0,46.0,242.0,643,8.0,0.6,0.6914498141263941,,,,,0.5218855218855218,0.6132075471698113,0.5329341317365269,0.5192629815745393,0.6132075471698113,0.5235294117647059,0.5300546448087432,0.6094890510948905,0.5377777777777778,0.005025125628140704,31.27147766323024,0.4431818181818182,0.38461538461538464,0.2222222222222222,0.12210796915167095,0.2317596566523605,0.1050228310502283,0.22433460076045628,0.11835506519558676,0.1184573002754821,0.14084507042253522,0.06666666666666667,0.1930379746835443,0.27058823529411763,0.20967741935483872,0.24120603015075376,0.5822784810126582,0.5778894472361809,0.6347826086956522,0.6780185758513931,0.589041095890411,0.3969849246231156,0.37130801687763715,0.37606837606837606,0.020100502512562814,0.25,0.25,0.6666666666666666,,0.005025125628140704,,,,0.7830188679245284,0.6626506024096386,,0.6352941176470588,0.6481481481481481,,0.01764705882352941,,0.5829145728643216,,0.4821264705882353,0.5272081395348838,0.49901279761904765,0.20768136557610242,0.20857142857142857,0.21520618556701032,0.3118556701030928,3.531481481481482,50.63333333333333,0.286925479696564,,,,,,,,25.0,,51.0,1.0,31.0,3.0,21.0,40.0,,,,,1.0,1.0,,,0.04208754208754209,0.06376811594202898,0.012658227848101266,,,0.007518796992481203,0.11721611721611722,0.1111111111111111,0.17647058823529413,0.12015503875968993,0.625,,,,,,,,,,,,,2.0,0.14545454545454545,1.0,2.0,,,False
1474,1610612747,Larry Krystkowiak,Larry Krystkowiak,1474,LAL,480.0,8,1,16,16,9,9,3,32,1.0,1.0,1.0,1.0,1.0,1.0,,,,,,,,,,,,1.0,1.0,,,1.0,3.0,22,1.0,1.0,,1.0,3.0,1.0,1.0,,,1.0,3.0,2.0,,,,,,3.0,,3.0,,,,,6.0,2.0,,,1,,1,2.0,3,2.0,2.0,,1.0,,1.0,,,1.0,1.0,,2.0,2,,,2.0,,1.0,,,,,,3.0,9,,1.0,1.0,,,,,1.0,1.0,1.0,1.0,1.0,1.0,0.75,0.75,0.75,,15.789473684210526,1.0,,0.25,,,0.6666666666666666,0.2,0.3333333333333333,,,,,1.0,,,,1.0,1.0,1.0,1.0,,,,,,,,,,,,,1.0,1.0,,1.0,1.0,,,,1.0,,0.6613,0.6613,0.6613,,,1.0,1.0,,,0.5625,,,,,,,,,,3.0,,,,,,,,,,,,,,,,,,,,,0.6666666666666666,,,,,,,,,,,,,,,,,1.0,,,,,False
76,1610612747,Cedric Ceballos,Cedric Ceballos,76,LAL,11048.0,184,18,337,339,68,40,42,676,15.0,25.0,1.0,5.0,1.0,2.0,1.0,3.0,2.0,6.0,7.0,,1.0,7.0,,,1.0,18.0,34.0,2.0,14.0,8.0,50.0,352,2.0,7.0,,3.0,7.0,1.0,3.0,,1.0,4.0,6.0,26.0,10.0,6.0,2.0,7.0,1.0,10.0,3.0,13.0,2.0,1.0,4.0,2.0,29.0,,3.0,7.0,20,3.0,30,3.0,33,4.0,4.0,,11.0,,8.0,2.0,3.0,13.0,2.0,2.0,3.0,11,1.0,,8.0,1.0,3.0,4.0,3.0,1.0,5.0,5.0,6.0,68,1.0,0.7222222222222222,0.7647058823529411,1.0,0.14285714285714285,,0.14285714285714285,0.5294117647058824,0.2857142857142857,0.3333333333333333,0.4375,0.2857142857142857,0.25,0.4803921568627451,0.375,0.5,0.2916666666666667,16.537467700258397,0.8461538461538461,0.3,0.15503875968992248,0.0297029702970297,0.16666666666666666,,0.15789473684210525,0.022388059701492536,0.016666666666666666,0.058823529411764705,,0.08333333333333333,0.3333333333333333,0.08888888888888889,0.125,1.0,0.5208333333333334,0.6,0.7142857142857143,0.8666666666666667,0.0625,0.3333333333333333,0.3333333333333333,0.125,0.3333333333333333,0.3333333333333333,,0.14583333333333334,0.14583333333333334,0.14285714285714285,0.14285714285714285,1.0,0.7142857142857143,0.2,,0.5,0.5,,0.25,,0.8125,0.14285714285714285,0.5858145833333334,0.500675,0.6125,0.020833333333333332,0.029411764705882353,0.14,0.12,4.120588235294118,18.09285714285714,0.20178041543026706,1.0,,,,,,,4.0,,4.0,,,,2.0,1.0,1.0,,1.0,1.0,,,,,0.11764705882352941,0.16,,,,,0.041666666666666664,,0.3,,,0.14285714285714285,0.14285714285714285,1.0,,,,,,,,,,,,,,,,False
716,1610612747,Rumeal Robinson,Rumeal Robinson,716,LAL,6989.0,116,23,229,230,82,75,28,459,2.0,8.0,,1.0,2.0,7.0,2.0,5.0,7.0,11.0,5.0,,5.0,18.0,2.0,1.0,5.0,11.0,24.0,6.0,23.0,3.0,43.0,200,1.0,4.0,2.0,,2.0,5.0,12.0,1.0,5.0,1.0,14.0,16.0,6.0,18.0,,18.0,5.0,9.0,3.0,12.0,3.0,,4.0,,27.0,,1.0,,7,,7,1.0,8,5.0,5.0,,6.0,2.0,5.0,5.0,1.0,11.0,1.0,3.0,4.0,11,,2.0,4.0,1.0,1.0,2.0,1.0,1.0,2.0,1.0,14.0,82,2.0,0.7272727272727273,0.7272727272727273,1.0,0.2608695652173913,0.2,0.2608695652173913,0.4583333333333333,0.25,0.4166666666666667,0.425531914893617,0.16666666666666666,0.38235294117647056,0.4387755102040816,0.16666666666666666,0.3888888888888889,0.48936170212765956,22.813688212927758,0.5454545454545454,,0.07865168539325842,0.012987012987012988,,,0.058823529411764705,0.00909090909090909,,0.045454545454545456,,0.06896551724137931,0.04,0.11428571428571428,,0.5,0.1702127659574468,0.25,0.4,1.0,0.10638297872340426,0.4,0.5,0.23404255319148937,0.6363636363636364,0.7777777777777778,0.5714285714285714,0.10638297872340426,0.3829787234042553,0.2777777777777778,0.2777777777777778,1.0,0.16666666666666666,,0.3333333333333333,0.4117647058823529,0.2857142857142857,,0.29411764705882354,0.2,0.6595744680851063,0.2777777777777778,0.4989095744680851,0.4575,0.49678529411764705,0.020833333333333332,0.04,0.046511627906976744,0.32558139534883723,10.620833333333334,23.904347826086955,0.35807860262008734,1.0,,,,,,,6.0,,5.0,,1.0,,1.0,,,,,,,,,,0.25,0.375,0.2,0.18181818181818182,,,,,,0.043478260869565216,1.0,0.2,0.2,1.0,,,,,,,,,,,,,,,,False
